ID Group,Group,ID Subgroup,Subgroup,ID Occupation,Occupation,ID Year,Year,ID State,State,Workforce by Occupation and Gender,Workforce by Occupation and Gender Moe,ACS Occupation yg RCA,Geography,ID Geography,Slug Geography,Median Earnings,Median Earnings Moe,Workforce Prev,Workforce Growth,Median Earnings Prev,Median Earnings Growth,Share
0,"Management, Business, Science, & Arts Occupations",0,"Management, Business, & Financial Occupations",0,"Management Occupations",2021,"2021","04000US48","Texas",4643,538.5805417948184,1.9008035402938215,"Keller, TX","16000US4838632","keller-tx",254153,40828,5305,-12.478793590951932,261637,-2.860451694523328,20.492563004810876
0,"Management, Business, Science, & Arts Occupations",0,"Management, Business, & Financial Occupations",1,"Business & Financial Operations Occupations",2021,"2021","04000US48","Texas",2148,348.7377237982722,1.6775548708977241,"Keller, TX","16000US4838632","keller-tx",230533,30341,1969,9.090909090909092,224277,2.7894077413198857,9.480513748510393
0,"Management, Business, Science, & Arts Occupations",1,"Computer, Engineering, & Science Occupations",2,"Computer & Mathematical Occupations",2021,"2021","04000US48","Texas",1088,203.49447166937975,1.4164840485142847,"Keller, TX","16000US4838632","keller-tx",223966,32201,1158,-6.0449050086355784,210227,6.535316586356653,4.802047932206381
0,"Management, Business, Science, & Arts Occupations",1,"Computer, Engineering, & Science Occupations",3,"Architecture & Engineering Occupations",2021,"2021","04000US48","Texas",555,142.04576727238305,1.1875289908985622,"Keller, TX","16000US4838632","keller-tx",211212,160289,559,-0.7155635062611807,145277,45.38571143401915,2.4495740830648365
0,"Management, Business, Science, & Arts Occupations",1,"Computer, Engineering, & Science Occupations",4,"Life, Physical, & Social Science Occupations",2021,"2021","04000US48","Texas",180,123.14625451064276,0.7617076451731863,"Keller, TX","16000US4838632","keller-tx",66010,68663,152,18.421052631578945,63393,4.128216049090594,0.7944564593723793
0,"Management, Business, Science, & Arts Occupations",2,"Education, Legal, Community Service, Arts, & Media Occupations",5,"Community & Social Service Occupations",2021,"2021","04000US48","Texas",309,140.7586587034702,0.7634191308843576,"Keller, TX","16000US4838632","keller-tx",185517,141185,294,5.1020408163265305,261652,-29.097809303960986,1.3638169219225846
0,"Management, Business, Science, & Arts Occupations",2,"Education, Legal, Community Service, Arts, & Media Occupations",6,"Legal Occupations",2021,"2021","04000US48","Texas",467,308.0389585750478,1.7630645534334743,"Keller, TX","16000US4838632","keller-tx",320646,42914,433,7.852193995381063,312207,2.7030143462510448,2.0611731473716732
0,"Management, Business, Science, & Arts Occupations",2,"Education, Legal, Community Service, Arts, & Media Occupations",7,"Education Instruction, & Library Occupations",2021,"2021","04000US48","Texas",1466,314.8539343886305,1.0493424222906569,"Keller, TX","16000US4838632","keller-tx",133260,37158,1508,-2.7851458885941645,135117,-1.3743644397078087,6.470406496888378
0,"Management, Business, Science, & Arts Occupations",2,"Education, Legal, Community Service, Arts, & Media Occupations",8,"Arts, Design, Entertainment, Sports, & Media Occupations",2021,"2021","04000US48","Texas",290,94.03190947758107,0.6257072562637422,"Keller, TX","16000US4838632","keller-tx",152974,130712,303,-4.29042904290429,114756,33.30370525288438,1.2799576289888335
0,"Management, Business, Science, & Arts Occupations",3,"Healthcare Practitioners & Technical Occupations",9,"Health Diagnosing & Treating Practitioners & Other Technical Occupations",2021,"2021","04000US48","Texas",946,160.0781059358212,0.9850858265284567,"Keller, TX","16000US4838632","keller-tx",260750,71659,962,-1.6632016632016633,321849,-18.983747036653835,4.175310058701505
0,"Management, Business, Science, & Arts Occupations",3,"Healthcare Practitioners & Technical Occupations",10,"Health Technologists & Technicians",2021,"2021","04000US48","Texas",236,93.38094023943002,0.5311181478854936,"Keller, TX","16000US4838632","keller-tx",176921,314279,227,3.9647577092511015,166625,6.179144786196549,1.0416206911771195
1,"Service Occupations",4,"Service Occupations",11,"Healthcare Support Occupations",2021,"2021","04000US48","Texas",322,196.596032513375,0.4334718670763811,"Keller, TX","16000US4838632","keller-tx",32396,132213,373,-13.672922252010725,116250,-72.13247311827958,1.4211943328772565
1,"Service Occupations",4,"Service Occupations",14,"Food Preparation & Serving Related Occupations",2021,"2021","04000US48","Texas",616,195.27416623813812,0.5054561851011982,"Keller, TX","16000US4838632","keller-tx",25779,22494,741,-16.869095816464238,23040,11.888020833333334,2.718806549852143
1,"Service Occupations",4,"Service Occupations",15,"Building & Grounds Cleaning & Maintenance Occupations",2021,"2021","04000US48","Texas",140,82.03657720797474,0.17199928068407722,"Keller, TX","16000US4838632","keller-tx",24740,40178,169,-17.159763313609467,60457,-59.0783532097193,0.6179105795118507
1,"Service Occupations",4,"Service Occupations",16,"Personal Care & Service Occupations",2021,"2021","04000US48","Texas",402,166.73931749890306,0.6737891444093598,"Keller, TX","16000US4838632","keller-tx",37115,24650,526,-23.574144486692013,36409,1.93908099645692,1.774286092598314
1,"Service Occupations",5,"Protective Service Occupations",12,"Fire Fighting & Prevention, & Other Protective Service Workers Including Supervisors",2021,"2021","04000US48","Texas",296,111.50336317797775,1.1096300917732458,"Keller, TX","16000US4838632","keller-tx",138462,114581,171,73.09941520467837,23472,489.90286298568503,1.3064395109679128
1,"Service Occupations",5,"Protective Service Occupations",13,"Law Enforcement Workers Including Supervisors",2021,"2021","04000US48","Texas",151,116.619037896906,0.686475092751536,"Keller, TX","16000US4838632","keller-tx",116200,1441,149,1.342281879194631,111023,4.6629977572214765,0.666460696473496
2,"Sales & Office Occupations",6,"Sales & Office Occupations",17,"Sales & Related Occupations",2021,"2021","04000US48","Texas",3381,478.65854217803314,1.5274209943675812,"Keller, TX","16000US4838632","keller-tx",138699,52012,3687,-8.299430431244915,141136,-1.726703321618864,14.922540495211193
2,"Sales & Office Occupations",6,"Sales & Office Occupations",18,"Office & Administrative Support Occupations",2021,"2021","04000US48","Texas",2358,412.78081350760476,0.9381450031564907,"Keller, TX","16000US4838632","keller-tx",86637,29288,2438,-3.281378178835111,86887,-0.2877300401671136,10.40737961777817
3,"Natural Resources, Construction, & Maintenance Occupations",7,"Natural Resources, Construction, & Maintenance Occupations",20,"Construction & Extraction Occupations",2021,"2021","04000US48","Texas",337,154.73848907107757,0.296118737696984,"Keller, TX","16000US4838632","keller-tx",55294,17010,406,-16.995073891625616,60394,-8.444547471603139,1.4873990378249549
3,"Natural Resources, Construction, & Maintenance Occupations",7,"Natural Resources, Construction, & Maintenance Occupations",21,"Installation, Maintenance, & Repair Occupations",2021,"2021","04000US48","Texas",406,133.8992158304148,0.5840907250323334,"Keller, TX","16000US4838632","keller-tx",102300,37336,463,-12.311015118790497,94643,8.090402882410745,1.791940680584367
4,"Production, Transportation, & Material Moving Occupations",8,"Production, Transportation, & Material Moving Occupations",22,"Production Occupations",2021,"2021","04000US48","Texas",510,274.8545069668678,0.40758127381527315,"Keller, TX","16000US4838632","keller-tx",86135,4504,500,2,82792,4.0378297420040585,2.250959968221742
4,"Production, Transportation, & Material Moving Occupations",8,"Production, Transportation, & Material Moving Occupations",23,"Transportation Occupations",2021,"2021","04000US48","Texas",895,250.68306683938584,1.0345521220747806,"Keller, TX","16000US4838632","keller-tx",145214,134074,805,11.180124223602485,146882,-1.1356054519954795,3.9502140618793304
0,"Management, Business, Science, & Arts Occupations",0,"Management, Business, & Financial Occupations",0,"Management Occupations",2020,"2020","04000US48","Texas",5305,642.3122293713549,2.1248255559277847,"Keller, TX","16000US4838632","keller-tx",261637,40796,4763,11.379382741969348,234977,11.345791290211382,22.318047959612958
0,"Management, Business, Science, & Arts Occupations",0,"Management, Business, & Financial Occupations",1,"Business & Financial Operations Occupations",2020,"2020","04000US48","Texas",1969,351.01282027869007,1.4999701687650409,"Keller, TX","16000US4838632","keller-tx",224277,56225,1842,6.894679695982628,174388,28.608046425212745,8.283550694152293
0,"Management, Business, Science, & Arts Occupations",1,"Computer, Engineering, & Science Occupations",2,"Computer & Mathematical Occupations",2020,"2020","04000US48","Texas",1158,206.40009689920205,1.497078193779098,"Keller, TX","16000US4838632","keller-tx",210227,20460,1133,2.206531332744925,201661,4.247722663281447,4.871687000420699
0,"Management, Business, Science, & Arts Occupations",1,"Computer, Engineering, & Science Occupations",3,"Architecture & Engineering Occupations",2020,"2020","04000US48","Texas",559,153.4438007871286,1.186957720320503,"Keller, TX","16000US4838632","keller-tx",145277,116918,612,-8.660130718954248,201458,-27.8872022952675,2.3517038283550695
0,"Management, Business, Science, & Arts Occupations",1,"Computer, Engineering, & Science Occupations",4,"Life, Physical, & Social Science Occupations",2020,"2020","04000US48","Texas",152,93.40770846134703,0.6434893988066378,"Keller, TX","16000US4838632","keller-tx",63393,63483,169,-10.059171597633137,45488,39.36202954625396,0.6394615061001262
0,"Management, Business, Science, & Arts Occupations",2,"Education, Legal, Community Service, Arts, & Media Occupations",5,"Community & Social Service Occupations",2020,"2020","04000US48","Texas",294,118.18629362155326,0.6965600060219056,"Keller, TX","16000US4838632","keller-tx",261652,96135,338,-13.017751479289942,212000,23.420754716981133,1.2368531762726125
0,"Management, Business, Science, & Arts Occupations",2,"Education, Legal, Community Service, Arts, & Media Occupations",6,"Legal Occupations",2020,"2020","04000US48","Texas",433,301.6438297064934,1.5956596507010938,"Keller, TX","16000US4838632","keller-tx",312207,53775,310,39.67741935483871,229861,35.82425900870526,1.821623895666807
0,"Management, Business, Science, & Arts Occupations",2,"Education, Legal, Community Service, Arts, & Media Occupations",7,"Education Instruction, & Library Occupations",2020,"2020","04000US48","Texas",1508,329.1883959072677,1.035467137265694,"Keller, TX","16000US4838632","keller-tx",135117,31832,1545,-2.394822006472492,129642,4.22316841764243,6.344131257888094
0,"Management, Business, Science, & Arts Occupations",2,"Education, Legal, Community Service, Arts, & Media Occupations",8,"Arts, Design, Entertainment, Sports, & Media Occupations",2020,"2020","04000US48","Texas",303,101.6366075781753,0.6239741632506144,"Keller, TX","16000US4838632","keller-tx",114756,56797,353,-14.164305949008499,125492,-8.555127020049087,1.2747160286074886
0,"Management, Business, Science, & Arts Occupations",3,"Healthcare Practitioners & Technical Occupations",9,"Health Diagnosing & Treating Practitioners & Other Technical Occupations",2020,"2020","04000US48","Texas",962,188.16216410320115,0.9715451739498705,"Keller, TX","16000US4838632","keller-tx",321849,9910,1062,-9.416195856873824,333236,-3.4170977925554262,4.047118216238957
0,"Management, Business, Science, & Arts Occupations",3,"Healthcare Practitioners & Technical Occupations",10,"Health Technologists & Technicians",2020,"2020","04000US48","Texas",227,116.24973118248487,0.48707478534423,"Keller, TX","16000US4838632","keller-tx",166625,272822,214,6.074766355140187,85660,94.51902871818818,0.9549852755574253
1,"Service Occupations",4,"Service Occupations",11,"Healthcare Support Occupations",2020,"2020","04000US48","Texas",373,187.47266467407988,0.47921233619136483,"Keller, TX","16000US4838632","keller-tx",116250,159460,504,-25.992063492063494,117062,-0.6936495190582769,1.5692048801009675
1,"Service Occupations",4,"Service Occupations",14,"Food Preparation & Serving Related Occupations",2020,"2020","04000US48","Texas",741,180.56854654119584,0.5610549719857891,"Keller, TX","16000US4838632","keller-tx",23040,16137,873,-15.120274914089347,15143,52.14950802350921,3.117374842238115
1,"Service Occupations",4,"Service Occupations",15,"Building & Grounds Cleaning & Maintenance Occupations",2020,"2020","04000US48","Texas",169,88.32326986700616,0.19331658043892186,"Keller, TX","16000US4838632","keller-tx",60457,20458,185,-8.64864864864865,74144,-18.460023737591712,0.7109802271771141
1,"Service Occupations",4,"Service Occupations",16,"Personal Care & Service Occupations",2020,"2020","04000US48","Texas",526,204.8414020651099,0.8094866464476278,"Keller, TX","16000US4838632","keller-tx",36409,49208,550,-4.363636363636364,24255,50.109255823541545,2.212873369793858
1,"Service Occupations",5,"Protective Service Occupations",12,"Fire Fighting & Prevention, & Other Protective Service Workers Including Supervisors",2020,"2020","04000US48","Texas",171,74.46475676452584,0.6136465606935381,"Keller, TX","16000US4838632","keller-tx",23472,16895,189,-9.523809523809524,41477,-43.40960050148275,0.719394194362642
1,"Service Occupations",5,"Protective Service Occupations",13,"Law Enforcement Workers Including Supervisors",2020,"2020","04000US48","Texas",149,112.08925015361643,0.6483992971189848,"Keller, TX","16000US4838632","keller-tx",111023,27633,150,-0.6666666666666667,88269,25.77801946323171,0.6268405553218342
2,"Sales & Office Occupations",6,"Sales & Office Occupations",17,"Sales & Related Occupations",2020,"2020","04000US48","Texas",3687,504.1358943776965,1.550529009634536,"Keller, TX","16000US4838632","keller-tx",141136,37366,3423,7.712532865907098,124925,12.976585951570943,15.511148506520826
2,"Sales & Office Occupations",6,"Sales & Office Occupations",18,"Office & Administrative Support Occupations",2020,"2020","04000US48","Texas",2438,446.26897718752537,0.9057309316670994,"Keller, TX","16000US4838632","keller-tx",86887,25906,2444,-0.24549918166939444,90616,-4.115167299373179,10.256625999158603
3,"Natural Resources, Construction, & Maintenance Occupations",7,"Natural Resources, Construction, & Maintenance Occupations",20,"Construction & Extraction Occupations",2020,"2020","04000US48","Texas",406,161.3009609394811,0.3396726488645405,"Keller, TX","16000US4838632","keller-tx",60394,23666,423,-4.0189125295508275,60417,-0.038068755482728374,1.7080353386621794
3,"Natural Resources, Construction, & Maintenance Occupations",7,"Natural Resources, Construction, & Maintenance Occupations",21,"Installation, Maintenance, & Repair Occupations",2020,"2020","04000US48","Texas",463,141.2090648648308,0.6351997899590097,"Keller, TX","16000US4838632","keller-tx",94643,101604,701,-33.951497860199716,56307,68.08389720638641,1.9478334034497267
4,"Production, Transportation, & Material Moving Occupations",8,"Production, Transportation, & Material Moving Occupations",22,"Production Occupations",2020,"2020","04000US48","Texas",500,271.64867016055865,0.37678979452311434,"Keller, TX","16000US4838632","keller-tx",82792,35070,459,8.932461873638346,64296,28.766952843100658,2.103491796381994
4,"Production, Transportation, & Material Moving Occupations",8,"Production, Transportation, & Material Moving Occupations",23,"Transportation Occupations",2020,"2020","04000US48","Texas",805,236.47832881682837,0.8897930863389921,"Keller, TX","16000US4838632","keller-tx",146882,82144,690,16.666666666666664,148817,-1.3002546752051176,3.3866217921750104
0,"Management, Business, Science, & Arts Occupations",0,"Management, Business, & Financial Occupations",0,"Management Occupations",2019,"2019","04000US48","Texas",4763,424.8152539634141,1.9877354883694027,"Keller, TX","16000US4838632","keller-tx",234977,35513,4469,6.578652942492727,219050,7.270942707144487,20.2965866962117
0,"Management, Business, Science, & Arts Occupations",0,"Management, Business, & Financial Occupations",1,"Business & Financial Operations Occupations",2019,"2019","04000US48","Texas",1842,253.20742485164214,1.4649503938765385,"Keller, TX","16000US4838632","keller-tx",174388,23177,1836,0.32679738562091504,169522,2.8704238977831786,7.849320322154515
0,"Management, Business, Science, & Arts Occupations",1,"Computer, Engineering, & Science Occupations",2,"Computer & Mathematical Occupations",2019,"2019","04000US48","Texas",1133,203.22647465327935,1.5441800164838706,"Keller, TX","16000US4838632","keller-tx",201661,15890,1134,-0.08818342151675485,194958,3.4381764277434113,4.828056419653129
0,"Management, Business, Science, & Arts Occupations",1,"Computer, Engineering, & Science Occupations",3,"Architecture & Engineering Occupations",2019,"2019","04000US48","Texas",612,152.2005256232711,1.3704637614317656,"Keller, TX","16000US4838632","keller-tx",201458,133147,615,-0.4878048780487805,184886,8.963361206365002,2.6079175011718583
0,"Management, Business, Science, & Arts Occupations",1,"Computer, Engineering, & Science Occupations",4,"Life, Physical, & Social Science Occupations",2019,"2019","04000US48","Texas",169,126.64912159190052,0.7531257174312327,"Keller, TX","16000US4838632","keller-tx",45488,94903,144,17.36111111111111,45668,-0.3941490759393886,0.720160224996804
0,"Management, Business, Science, & Arts Occupations",2,"Education, Legal, Community Service, Arts, & Media Occupations",5,"Community & Social Service Occupations",2019,"2019","04000US48","Texas",338,122.0368796716796,0.8233894680115494,"Keller, TX","16000US4838632","keller-tx",212000,197886,394,-14.213197969543149,171546,23.582012987770042,1.440320449993608
0,"Management, Business, Science, & Arts Occupations",2,"Education, Legal, Community Service, Arts, & Media Occupations",6,"Legal Occupations",2019,"2019","04000US48","Texas",310,106.77546534667971,1.1910210143554545,"Keller, TX","16000US4838632","keller-tx",229861,185331,306,1.3071895424836601,292237,-21.34431984998477,1.321003963011889
0,"Management, Business, Science, & Arts Occupations",2,"Education, Legal, Community Service, Arts, & Media Occupations",7,"Education Instruction, & Library Occupations",2019,"2019","04000US48","Texas",1545,266.60832695172894,1.086468972119673,"Keller, TX","16000US4838632","keller-tx",129642,30174,1531,0.9144350097975179,117197,10.618872496736264,6.583713299526996
0,"Management, Business, Science, & Arts Occupations",2,"Education, Legal, Community Service, Arts, & Media Occupations",8,"Arts, Design, Entertainment, Sports, & Media Occupations",2019,"2019","04000US48","Texas",353,123.89108119634761,0.7438525854792026,"Keller, TX","16000US4838632","keller-tx",125492,84681,415,-14.93975903614458,107538,16.695493685952872,1.5042399965909576
0,"Management, Business, Science, & Arts Occupations",3,"Healthcare Practitioners & Technical Occupations",9,"Health Diagnosing & Treating Practitioners & Other Technical Occupations",2019,"2019","04000US48","Texas",1062,197.75237040298657,1.1094756051016226,"Keller, TX","16000US4838632","keller-tx",333236,21131,1039,2.213666987487969,332539,0.2095994755502362,4.525503899092342
0,"Management, Business, Science, & Arts Occupations",3,"Healthcare Practitioners & Technical Occupations",10,"Health Technologists & Technicians",2019,"2019","04000US48","Texas",214,80.99382692526636,0.46831167412494884,"Keller, TX","16000US4838632","keller-tx",85660,43418,221,-3.167420814479638,67573,26.766607964719636,0.9119188647888524
1,"Service Occupations",4,"Service Occupations",11,"Healthcare Support Occupations",2019,"2019","04000US48","Texas",504,243.4296612987004,0.6574528700989849,"Keller, TX","16000US4838632","keller-tx",117062,172443,450,12,114996,1.7965842290166616,2.1476967656709425
1,"Service Occupations",4,"Service Occupations",14,"Food Preparation & Serving Related Occupations",2019,"2019","04000US48","Texas",873,214.89532335534898,0.649088372541437,"Keller, TX","16000US4838632","keller-tx",15143,13051,893,-2.2396416573348263,15755,-3.884481117105681,3.720117611965739
1,"Service Occupations",4,"Service Occupations",15,"Building & Grounds Cleaning & Maintenance Occupations",2019,"2019","04000US48","Texas",185,110.5350623105628,0.20682781807850145,"Keller, TX","16000US4838632","keller-tx",74144,24539,236,-21.610169491525426,69338,6.931264241829877,0.7883410747006434
1,"Service Occupations",4,"Service Occupations",16,"Personal Care & Service Occupations",2019,"2019","04000US48","Texas",550,198.07321878537743,0.8334637811780657,"Keller, TX","16000US4838632","keller-tx",24255,49013,507,8.481262327416173,21616,12.208549222797927,2.3437167085694806
1,"Service Occupations",5,"Protective Service Occupations",12,"Fire Fighting & Prevention, & Other Protective Service Workers Including Supervisors",2019,"2019","04000US48","Texas",189,90.97252332435328,0.6864454057686478,"Keller, TX","16000US4838632","keller-tx",41477,65348,111,70.27027027027027,44167,-6.09052007154663,0.8053862871266033
1,"Service Occupations",5,"Protective Service Occupations",13,"Law Enforcement Workers Including Supervisors",2019,"2019","04000US48","Texas",150,76.69419795525604,0.6669565819913534,"Keller, TX","16000US4838632","keller-tx",88269,20083,130,15.384615384615385,74375,18.681008403361343,0.6391954659734947
2,"Sales & Office Occupations",6,"Sales & Office Occupations",17,"Sales & Related Occupations",2019,"2019","04000US48","Texas",3423,376.65103212390113,1.4279203605185835,"Keller, TX","16000US4838632","keller-tx",124925,35735,3378,1.3321492007104796,136084,-8.200082302107521,14.58644053351515
2,"Sales & Office Occupations",6,"Sales & Office Occupations",18,"Office & Administrative Support Occupations",2019,"2019","04000US48","Texas",2444,320.8301731446093,0.9124143301576977,"Keller, TX","16000US4838632","keller-tx",90616,17822,2627,-6.966121050628093,82534,9.792328010274554,10.414624792261474
3,"Natural Resources, Construction, & Maintenance Occupations",7,"Natural Resources, Construction, & Maintenance Occupations",20,"Construction & Extraction Occupations",2019,"2019","04000US48","Texas",423,221.90313201935658,0.3536644376849305,"Keller, TX","16000US4838632","keller-tx",60417,7060,412,2.669902912621359,44620,35.403406544150606,1.802531214045255
3,"Natural Resources, Construction, & Maintenance Occupations",7,"Natural Resources, Construction, & Maintenance Occupations",21,"Installation, Maintenance, & Repair Occupations",2019,"2019","04000US48","Texas",701,219.12781658201226,0.9687111033759757,"Keller, TX","16000US4838632","keller-tx",56307,97906,606,15.676567656765677,125880,-55.26930409914203,2.987173477649465
4,"Production, Transportation, & Material Moving Occupations",8,"Production, Transportation, & Material Moving Occupations",22,"Production Occupations",2019,"2019","04000US48","Texas",459,148.64723340849636,0.3417603492736624,"Keller, TX","16000US4838632","keller-tx",64296,18345,451,1.7738359201773837,111319,-42.24166584320736,1.955938125878894
4,"Production, Transportation, & Material Moving Occupations",8,"Production, Transportation, & Material Moving Occupations",23,"Transportation Occupations",2019,"2019","04000US48","Texas",690,165.8463143998081,0.774274294082539,"Keller, TX","16000US4838632","keller-tx",148817,101312,585,17.94871794871795,207551,-28.298586853351704,2.9402991434780756
0,"Management, Business, Science, & Arts Occupations",0,"Management, Business, & Financial Occupations",0,"Management Occupations",2018,"2018","04000US48","Texas",4469,411.6661268552466,1.9450890744521603,"Keller, TX","16000US4838632","keller-tx",219050,25510,4356,2.594123048668503,235744,-7.081410343423375,19.438040972554475
0,"Management, Business, Science, & Arts Occupations",0,"Management, Business, & Financial Occupations",1,"Business & Financial Operations Occupations",2018,"2018","04000US48","Texas",1836,254.62128740543278,1.5022999520056832,"Keller, TX","16000US4838632","keller-tx",169522,29151,1581,16.129032258064516,164254,3.207227830068065,7.985733547910051
0,"Management, Business, Science, & Arts Occupations",1,"Computer, Engineering, & Science Occupations",2,"Computer & Mathematical Occupations",2018,"2018","04000US48","Texas",1134,194.09533739891847,1.6257910969800355,"Keller, TX","16000US4838632","keller-tx",194958,12756,1233,-8.02919708029197,168194,15.912577143060988,4.932364838415032
0,"Management, Business, Science, & Arts Occupations",1,"Computer, Engineering, & Science Occupations",3,"Architecture & Engineering Occupations",2018,"2018","04000US48","Texas",615,156.20499351813308,1.4477568192593142,"Keller, TX","16000US4838632","keller-tx",184886,166542,638,-3.605015673981191,138533,33.459897641717134,2.674959766865295
0,"Management, Business, Science, & Arts Occupations",1,"Computer, Engineering, & Science Occupations",4,"Life, Physical, & Social Science Occupations",2018,"2018","04000US48","Texas",144,101.96568050084304,0.6754958480618328,"Keller, TX","16000US4838632","keller-tx",45668,80870,98,46.93877551020408,14531,214.27981556671944,0.6263320429733374
0,"Management, Business, Science, & Arts Occupations",2,"Education, Legal, Community Service, Arts, & Media Occupations",5,"Community & Social Service Occupations",2018,"2018","04000US48","Texas",394,127.1416532848303,0.9911247826276914,"Keller, TX","16000US4838632","keller-tx",171546,163248,375,5.066666666666666,129485,32.48329922384832,1.7137140620242703
0,"Management, Business, Science, & Arts Occupations",2,"Education, Legal, Community Service, Arts, & Media Occupations",6,"Legal Occupations",2018,"2018","04000US48","Texas",306,106.83164325236227,1.2063593194630693,"Keller, TX","16000US4838632","keller-tx",292237,182890,320,-4.375,202958,43.98890410823914,1.330955591318342
0,"Management, Business, Science, & Arts Occupations",2,"Education, Legal, Community Service, Arts, & Media Occupations",7,"Education Instruction, & Library Occupations",2018,"2018","04000US48","Texas",1531,260.7623439072443,1.1048875070168098,"Keller, TX","16000US4838632","keller-tx",117197,33175,1683,-9.031491384432561,110130,6.4169617724507395,6.659127484667914
0,"Management, Business, Science, & Arts Occupations",2,"Education, Legal, Community Service, Arts, & Media Occupations",8,"Arts, Design, Entertainment, Sports, & Media Occupations",2018,"2018","04000US48","Texas",415,143.93401265857906,0.9015150338181306,"Keller, TX","16000US4838632","keller-tx",107538,110058,525,-20.952380952380953,101124,6.342707962501483,1.8050541516245486
0,"Management, Business, Science, & Arts Occupations",3,"Healthcare Practitioners & Technical Occupations",9,"Health Diagnosing & Treating Practitioners & Other Technical Occupations",2018,"2018","04000US48","Texas",1039,200.6888138387389,1.1250317605073659,"Keller, TX","16000US4838632","keller-tx",332539,25486,1024,1.46484375,324307,2.5383355894260684,4.519159671175677
0,"Management, Business, Science, & Arts Occupations",3,"Healthcare Practitioners & Technical Occupations",10,"Health Technologists & Technicians",2018,"2018","04000US48","Texas",221,86.35392289873113,0.4951390341652607,"Keller, TX","16000US4838632","keller-tx",67573,115074,218,1.3761467889908259,67917,-0.5065005815922375,0.9612457048410248
1,"Service Occupations",4,"Service Occupations",11,"Healthcare Support Occupations",2018,"2018","04000US48","Texas",450,212.5088233462319,0.6018804517554763,"Keller, TX","16000US4838632","keller-tx",114996,149503,294,53.06122448979592,116363,-1.1747720495346459,1.9572876342916796
1,"Service Occupations",4,"Service Occupations",14,"Food Preparation & Serving Related Occupations",2018,"2018","04000US48","Texas",893,226.87661845152755,0.673406483461978,"Keller, TX","16000US4838632","keller-tx",15755,10312,886,0.7900677200902935,18880,-16.551906779661017,3.8841285720499323
1,"Service Occupations",4,"Service Occupations",15,"Building & Grounds Cleaning & Maintenance Occupations",2018,"2018","04000US48","Texas",236,130.6981254647518,0.26493948110762183,"Keller, TX","16000US4838632","keller-tx",69338,27801,219,7.76255707762557,68166,1.719332218408004,1.0264886259840809
1,"Service Occupations",4,"Service Occupations",16,"Personal Care & Service Occupations",2018,"2018","04000US48","Texas",507,182.91254740995765,0.7816277271887099,"Keller, TX","16000US4838632","keller-tx",21616,16152,689,-26.41509433962264,38505,-43.86183612517855,2.205210734635292
1,"Service Occupations",5,"Protective Service Occupations",12,"Fire Fighting & Prevention, & Other Protective Service Workers Including Supervisors",2018,"2018","04000US48","Texas",111,64.66065264130883,0.41186109300616336,"Keller, TX","16000US4838632","keller-tx",44167,89184,50,122,,NaN,0.4827976164586143
1,"Service Occupations",5,"Protective Service Occupations",13,"Law Enforcement Workers Including Supervisors",2018,"2018","04000US48","Texas",130,74.46475676452584,0.5841577336584916,"Keller, TX","16000US4838632","keller-tx",74375,26243,162,-19.753086419753085,79667,-6.64265003075301,0.5654386499064851
2,"Sales & Office Occupations",6,"Sales & Office Occupations",17,"Sales & Related Occupations",2018,"2018","04000US48","Texas",3378,412.65603109611766,1.411911155345581,"Keller, TX","16000US4838632","keller-tx",136084,29862,3252,3.8745387453874542,120065,13.341939782617748,14.692705841416206
2,"Sales & Office Occupations",6,"Sales & Office Occupations",18,"Office & Administrative Support Occupations",2018,"2018","04000US48","Texas",2627,380.34852438257207,0.9795290792002295,"Keller, TX","16000US4838632","keller-tx",82534,20399,2744,-4.263848396501458,63046,30.910763569457224,11.426210256187204
3,"Natural Resources, Construction, & Maintenance Occupations",7,"Natural Resources, Construction, & Maintenance Occupations",20,"Construction & Extraction Occupations",2018,"2018","04000US48","Texas",412,176.23847480048164,0.3526656945114891,"Keller, TX","16000US4838632","keller-tx",44620,21308,483,-14.699792960662524,38293,16.522602042148694,1.7920055673959374
3,"Natural Resources, Construction, & Maintenance Occupations",7,"Natural Resources, Construction, & Maintenance Occupations",21,"Installation, Maintenance, & Repair Occupations",2018,"2018","04000US48","Texas",606,205.80573364218984,0.852231185424352,"Keller, TX","16000US4838632","keller-tx",125880,158504,599,1.1686143572621035,65063,93.47401749073974,2.6358140141794615
4,"Production, Transportation, & Material Moving Occupations",8,"Production, Transportation, & Material Moving Occupations",22,"Production Occupations",2018,"2018","04000US48","Texas",451,152.75143207184672,0.3380933259966164,"Keller, TX","16000US4838632","keller-tx",111319,42832,419,7.637231503579953,103483,7.5722582453156555,1.9616371623678832
4,"Production, Transportation, & Material Moving Occupations",8,"Production, Transportation, & Material Moving Occupations",23,"Transportation Occupations",2018,"2018","04000US48","Texas",585,155.72411502397435,0.6812340307612809,"Keller, TX","16000US4838632","keller-tx",207551,91518,477,22.641509433962266,127500,62.78509803921568,2.5444739245791834
0,"Management, Business, Science, & Arts Occupations",0,"Management, Business, & Financial Occupations",0,"Management Occupations",2017,"2017","04000US48","Texas",4356,411.49119067119767,1.8913371192102657,"Keller, TX","16000US4838632","keller-tx",235744,31587,4146,5.065123010130246,226836,3.927066250506974,19.35913959379583
0,"Management, Business, Science, & Arts Occupations",0,"Management, Business, & Financial Occupations",1,"Business & Financial Operations Occupations",2017,"2017","04000US48","Texas",1581,270.542048487846,1.4435302478861642,"Keller, TX","16000US4838632","keller-tx",164254,30108,1729,-8.55986119144014,157127,4.535821341971781,7.026354384249589
0,"Management, Business, Science, & Arts Occupations",1,"Computer, Engineering, & Science Occupations",2,"Computer & Mathematical Occupations",2017,"2017","04000US48","Texas",1233,236.34931774811622,1.9026787160523988,"Keller, TX","16000US4838632","keller-tx",168194,47986,1200,2.75,156262,7.635893563374332,5.479756455268655
0,"Management, Business, Science, & Arts Occupations",1,"Computer, Engineering, & Science Occupations",3,"Architecture & Engineering Occupations",2017,"2017","04000US48","Texas",638,138.88484438555562,1.5422903800488497,"Keller, TX","16000US4838632","keller-tx",138533,119636,543,17.495395948434624,159447,-13.11658419412093,2.835429536465046
0,"Management, Business, Science, & Arts Occupations",1,"Computer, Engineering, & Science Occupations",4,"Life, Physical, & Social Science Occupations",2017,"2017","04000US48","Texas",98,99.60923651951158,0.49636597119629655,"Keller, TX","16000US4838632","keller-tx",14531,33240,66,48.484848484848484,101944,-85.74609589578593,0.4355361983911826
0,"Management, Business, Science, & Arts Occupations",2,"Education, Legal, Community Service, Arts, & Media Occupations",5,"Community & Social Service Occupations",2017,"2017","04000US48","Texas",375,151.1588568361113,0.9758014542711424,"Keller, TX","16000US4838632","keller-tx",129485,146134,434,-13.594470046082948,92855,39.44860266006139,1.6665925958846275
0,"Management, Business, Science, & Arts Occupations",2,"Education, Legal, Community Service, Arts, & Media Occupations",6,"Legal Occupations",2017,"2017","04000US48","Texas",320,114.54693361238441,1.2548252637189272,"Keller, TX","16000US4838632","keller-tx",202958,171674,228,40.35087719298245,275709,-26.386878919440427,1.422159015154882
0,"Management, Business, Science, & Arts Occupations",2,"Education, Legal, Community Service, Arts, & Media Occupations",7,"Education Instruction, & Library Occupations",2017,"2017","04000US48","Texas",1683,302.73585846410725,1.2378510334450028,"Keller, TX","16000US4838632","keller-tx",110130,18736,1655,1.6918429003021147,103914,5.981869622957445,7.479667570330208
0,"Management, Business, Science, & Arts Occupations",2,"Education, Legal, Community Service, Arts, & Media Occupations",8,"Arts, Design, Entertainment, Sports, & Media Occupations",2017,"2017","04000US48","Texas",525,161.07451691686057,1.180171306934005,"Keller, TX","16000US4838632","keller-tx",101124,64666,431,21.809744779582367,72168,40.1230462254739,2.3332296342384784
0,"Management, Business, Science, & Arts Occupations",3,"Healthcare Practitioners & Technical Occupations",9,"Health Diagnosing & Treating Practitioners & Other Technical Occupations",2017,"2017","04000US48","Texas",1024,189.33568073662184,1.1395945002782666,"Keller, TX","16000US4838632","keller-tx",324307,17180,1044,-1.9157088122605364,329644,-1.6190193056752133,4.550908848495623
0,"Management, Business, Science, & Arts Occupations",3,"Healthcare Practitioners & Technical Occupations",10,"Health Technologists & Technicians",2017,"2017","04000US48","Texas",218,94.04786015641186,0.5122247470770324,"Keller, TX","16000US4838632","keller-tx",67917,134666,309,-29.449838187702266,30536,122.41616452711554,0.9688458290742633
1,"Service Occupations",4,"Service Occupations",11,"Healthcare Support Occupations",2017,"2017","04000US48","Texas",294,152.30561381643162,0.5467212517308426,"Keller, TX","16000US4838632","keller-tx",116363,174558,250,17.599999999999998,30985,275.54623204776505,1.3066085951735478
1,"Service Occupations",4,"Service Occupations",14,"Food Preparation & Serving Related Occupations",2017,"2017","04000US48","Texas",886,232.07757323791543,0.6792201697880905,"Keller, TX","16000US4838632","keller-tx",18880,24833,718,23.398328690807798,16772,12.56856665871691,3.9376027732100796
1,"Service Occupations",4,"Service Occupations",15,"Building & Grounds Cleaning & Maintenance Occupations",2017,"2017","04000US48","Texas",219,115.10430052782563,0.24932322083632485,"Keller, TX","16000US4838632","keller-tx",68166,48621,154,42.2077922077922,48997,39.12280343694512,0.9732900759966224
1,"Service Occupations",4,"Service Occupations",16,"Personal Care & Service Occupations",2017,"2017","04000US48","Texas",689,193.4941859591652,0.8221923261799736,"Keller, TX","16000US4838632","keller-tx",38505,30202,512,34.5703125,42100,-8.539192399049881,3.062086129505355
1,"Service Occupations",5,"Protective Service Occupations",13,"Law Enforcement Workers Including Supervisors",2017,"2017","04000US48","Texas",162,90.4433524367601,0.7413220592549622,"Keller, TX","16000US4838632","keller-tx",79667,4635,168,-3.571428571428571,77556,2.7219041724689257,0.719968001422159
2,"Sales & Office Occupations",6,"Sales & Office Occupations",17,"Sales & Related Occupations",2017,"2017","04000US48","Texas",3252,404.8024209413773,1.370393038167692,"Keller, TX","16000US4838632","keller-tx",120065,29786,2959,9.901993916863805,140977,-14.83362534314108,14.452690991511489
2,"Sales & Office Occupations",6,"Sales & Office Occupations",18,"Office & Administrative Support Occupations",2017,"2017","04000US48","Texas",2744,393.2696276093541,0.9390417839696467,"Keller, TX","16000US4838632","keller-tx",63046,12782,2381,15.24569508609828,62899,0.23370800807644,12.195013554953112
3,"Natural Resources, Construction, & Maintenance Occupations",7,"Natural Resources, Construction, & Maintenance Occupations",20,"Construction & Extraction Occupations",2017,"2017","04000US48","Texas",483,223.75879870968205,0.42616964940571594,"Keller, TX","16000US4838632","keller-tx",38293,38918,506,-4.545454545454546,23409,63.58238284420522,2.1465712634994
3,"Natural Resources, Construction, & Maintenance Occupations",7,"Natural Resources, Construction, & Maintenance Occupations",21,"Installation, Maintenance, & Repair Occupations",2017,"2017","04000US48","Texas",599,196.4739168439414,0.84908991677083,"Keller, TX","16000US4838632","keller-tx",65063,170129,577,3.8128249566724435,65020,0.06613349738541988,2.6621039064930447
4,"Production, Transportation, & Material Moving Occupations",8,"Production, Transportation, & Material Moving Occupations",22,"Production Occupations",2017,"2017","04000US48","Texas",419,134.31678971744373,0.3171380872876307,"Keller, TX","16000US4838632","keller-tx",103483,27956,393,6.615776081424936,102596,0.8645561230457328,1.8621394604684236
4,"Production, Transportation, & Material Moving Occupations",8,"Production, Transportation, & Material Moving Occupations",23,"Transportation Occupations",2017,"2017","04000US48","Texas",477,126.71621837791719,0.5765771966591088,"Keller, TX","16000US4838632","keller-tx",127500,72779,539,-11.50278293135436,116017,9.897687407879879,2.119905781965246
0,"Management, Business, Science, & Arts Occupations",0,"Management, Business, & Financial Occupations",0,"Management Occupations",2016,"2016","04000US48","Texas",4146,362.85120917533123,1.9428567867533317,"Keller, TX","16000US4838632","keller-tx",226836,24310,3939,5.255140898705255,209378,8.338029783453848,19.497742663656886
0,"Management, Business, Science, & Arts Occupations",0,"Management, Business, & Financial Occupations",1,"Business & Financial Operations Occupations",2016,"2016","04000US48","Texas",1729,280.30340704315387,1.6859783416200151,"Keller, TX","16000US4838632","keller-tx",157127,24753,1915,-9.712793733681462,155502,1.0450026366220369,8.131113619262603
0,"Management, Business, Science, & Arts Occupations",1,"Computer, Engineering, & Science Occupations",2,"Computer & Mathematical Occupations",2016,"2016","04000US48","Texas",1200,231.5879962346926,2.022068168981033,"Keller, TX","16000US4838632","keller-tx",156262,47122,1135,5.726872246696035,150696,3.6935286935286937,5.643340857787811
0,"Management, Business, Science, & Arts Occupations",1,"Computer, Engineering, & Science Occupations",3,"Architecture & Engineering Occupations",2016,"2016","04000US48","Texas",543,141.8908030846256,1.3958235246536808,"Keller, TX","16000US4838632","keller-tx",159447,66648,613,-11.419249592169658,136913,16.45862701131375,2.5536117381489842
0,"Management, Business, Science, & Arts Occupations",1,"Computer, Engineering, & Science Occupations",4,"Life, Physical, & Social Science Occupations",2016,"2016","04000US48","Texas",66,42.190046219457976,0.35452131811573295,"Keller, TX","16000US4838632","keller-tx",101944,335544,57,15.789473684210526,250001,-59.22256310974756,0.31038374717832956
0,"Management, Business, Science, & Arts Occupations",2,"Education, Legal, Community Service, Arts, & Media Occupations",5,"Community & Social Service Occupations",2016,"2016","04000US48","Texas",434,146.63219291819925,1.2084467570258808,"Keller, TX","16000US4838632","keller-tx",92855,45998,408,6.372549019607843,81745,13.591045323873018,2.041008276899925
0,"Management, Business, Science, & Arts Occupations",2,"Education, Legal, Community Service, Arts, & Media Occupations",6,"Legal Occupations",2016,"2016","04000US48","Texas",228,99.64436762808022,0.937674185591183,"Keller, TX","16000US4838632","keller-tx",275709,198072,184,23.91304347826087,302064,-8.724972191323694,1.072234762979684
0,"Management, Business, Science, & Arts Occupations",2,"Education, Legal, Community Service, Arts, & Media Occupations",7,"Education Instruction, & Library Occupations",2016,"2016","04000US48","Texas",1655,283.6476687723698,1.2857401039478338,"Keller, TX","16000US4838632","keller-tx",103914,23290,1563,5.886116442738324,106284,-2.2298746753979906,7.783107599699021
0,"Management, Business, Science, & Arts Occupations",2,"Education, Legal, Community Service, Arts, & Media Occupations",8,"Arts, Design, Entertainment, Sports, & Media Occupations",2016,"2016","04000US48","Texas",431,136.82105101189657,1.0370025025359793,"Keller, TX","16000US4838632","keller-tx",72168,64324,468,-7.905982905982905,62500,15.4688,2.026899924755455
0,"Management, Business, Science, & Arts Occupations",3,"Healthcare Practitioners & Technical Occupations",9,"Health Diagnosing & Treating Practitioners & Other Technical Occupations",2016,"2016","04000US48","Texas",1044,187.62729012593024,1.2429001938467923,"Keller, TX","16000US4838632","keller-tx",329644,19346,885,17.966101694915253,326575,0.9397535022582868,4.909706546275395
0,"Management, Business, Science, & Arts Occupations",3,"Healthcare Practitioners & Technical Occupations",10,"Health Technologists & Technicians",2016,"2016","04000US48","Texas",309,120.74767078498864,0.7859474505938474,"Keller, TX","16000US4838632","keller-tx",30536,15434,342,-9.649122807017543,66638,-54.17629580719709,1.4531602708803613
1,"Service Occupations",4,"Service Occupations",11,"Healthcare Support Occupations",2016,"2016","04000US48","Texas",250,128.6001555209013,0.4813584151958726,"Keller, TX","16000US4838632","keller-tx",30985,8403,117,113.67521367521367,26886,15.245852860224652,1.175696012039127
1,"Service Occupations",4,"Service Occupations",14,"Food Preparation & Serving Related Occupations",2016,"2016","04000US48","Texas",718,187.60863519571802,0.5816470272257619,"Keller, TX","16000US4838632","keller-tx",16772,17719,512,40.234375,12238,37.04853734270306,3.376598946576373
1,"Service Occupations",4,"Service Occupations",15,"Building & Grounds Cleaning & Maintenance Occupations",2016,"2016","04000US48","Texas",154,103.94229168149026,0.18350566387127978,"Keller, TX","16000US4838632","keller-tx",48997,44237,102,50.98039215686274,31250,56.7904,0.7242287434161023
1,"Service Occupations",4,"Service Occupations",16,"Personal Care & Service Occupations",2016,"2016","04000US48","Texas",512,162.24980739587951,0.648390096622477,"Keller, TX","16000US4838632","keller-tx",42100,44300,554,-7.581227436823104,41621,1.1508613440330602,2.407825432656132
1,"Service Occupations",5,"Protective Service Occupations",12,"Fire Fighting & Prevention, & Other Protective Service Workers Including Supervisors",2016,"2016","04000US48","Texas",74,51.86520991955975,0.2897619043277042,"Keller, TX","16000US4838632","keller-tx",74091,18232,113,-34.51327433628318,76089,-2.625872333714466,0.3480060195635816
1,"Service Occupations",5,"Protective Service Occupations",13,"Law Enforcement Workers Including Supervisors",2016,"2016","04000US48","Texas",168,100.68763578513501,0.8098701033931417,"Keller, TX","16000US4838632","keller-tx",77556,8422,249,-32.53012048192771,75573,2.6239529990869754,0.7900677200902935
2,"Sales & Office Occupations",6,"Sales & Office Occupations",17,"Sales & Related Occupations",2016,"2016","04000US48","Texas",2959,333.4246541574273,1.302349188263633,"Keller, TX","16000US4838632","keller-tx",140977,17933,2724,8.627019089574157,134181,5.064800530626542,13.91553799849511
2,"Sales & Office Occupations",6,"Sales & Office Occupations",18,"Office & Administrative Support Occupations",2016,"2016","04000US48","Texas",2381,376.2764940838054,0.8512142181404339,"Keller, TX","16000US4838632","keller-tx",62899,14490,2347,1.4486578610992757,61270,2.658723682063,11.197328818660647
3,"Natural Resources, Construction, & Maintenance Occupations",7,"Natural Resources, Construction, & Maintenance Occupations",20,"Construction & Extraction Occupations",2016,"2016","04000US48","Texas",506,236.54597861726586,0.475646021287359,"Keller, TX","16000US4838632","keller-tx",23409,32651,594,-14.814814814814813,16667,40.45119097618048,2.3796087283671934
3,"Natural Resources, Construction, & Maintenance Occupations",7,"Natural Resources, Construction, & Maintenance Occupations",21,"Installation, Maintenance, & Repair Occupations",2016,"2016","04000US48","Texas",577,182.9152809362848,0.8526443051764778,"Keller, TX","16000US4838632","keller-tx",65020,105311,568,1.584507042253521,52708,23.358882902026256,2.7135063957863053
4,"Production, Transportation, & Material Moving Occupations",8,"Production, Transportation, & Material Moving Occupations",22,"Production Occupations",2016,"2016","04000US48","Texas",393,135.9485196682921,0.31187625028891053,"Keller, TX","16000US4838632","keller-tx",102596,31428,406,-3.201970443349754,106460,-3.6295322186736803,1.8481941309255079
4,"Production, Transportation, & Material Moving Occupations",8,"Production, Transportation, & Material Moving Occupations",23,"Transportation Occupations",2016,"2016","04000US48","Texas",539,135.76818478568532,0.6956469621597883,"Keller, TX","16000US4838632","keller-tx",116017,72337,577,-6.5857885615251295,114710,1.139394996077064,2.5348006019563583
0,"Management, Business, Science, & Arts Occupations",0,"Management, Business, & Financial Occupations",0,"Management Occupations",2015,"2015","04000US48","Texas",3939,357.2296180329957,1.9273144352393612,"Keller, TX","16000US4838632","keller-tx",209378,21919,3814,3.277399056109072,209205,0.08269400826940083,19.04370527944305
0,"Management, Business, Science, & Arts Occupations",0,"Management, Business, & Financial Occupations",1,"Business & Financial Operations Occupations",2015,"2015","04000US48","Texas",1915,283.74812774712717,1.9289318093883774,"Keller, TX","16000US4838632","keller-tx",155502,19988,1776,7.826576576576577,159126,-2.2774405188341316,9.25836395281377
0,"Management, Business, Science, & Arts Occupations",1,"Computer, Engineering, & Science Occupations",2,"Computer & Mathematical Occupations",2015,"2015","04000US48","Texas",1135,254.40322325002094,2.0243458813817323,"Keller, TX","16000US4838632","keller-tx",150696,39547,1038,9.344894026974952,152736,-1.3356379635449402,5.487333204409206
0,"Management, Business, Science, & Arts Occupations",1,"Computer, Engineering, & Science Occupations",3,"Architecture & Engineering Occupations",2015,"2015","04000US48","Texas",613,165.38742394752995,1.6233313340795976,"Keller, TX","16000US4838632","keller-tx",136913,69003,568,7.922535211267606,164361,-16.699825384367337,2.9636433958615354
0,"Management, Business, Science, & Arts Occupations",1,"Computer, Engineering, & Science Occupations",4,"Life, Physical, & Social Science Occupations",2015,"2015","04000US48","Texas",57,42.5440947723653,0.3138691962675811,"Keller, TX","16000US4838632","keller-tx",250001,,41,39.02439024390244,218472,14.431597641803068,0.27557532392187195
0,"Management, Business, Science, & Arts Occupations",2,"Education, Legal, Community Service, Arts, & Media Occupations",5,"Community & Social Service Occupations",2015,"2015","04000US48","Texas",408,147.02720836634288,1.1755874464047078,"Keller, TX","16000US4838632","keller-tx",81745,19540,355,14.929577464788732,82092,-0.4226964868683915,1.9725391607039258
0,"Management, Business, Science, & Arts Occupations",2,"Education, Legal, Community Service, Arts, & Media Occupations",6,"Legal Occupations",2015,"2015","04000US48","Texas",184,94.02127418834527,0.7716367195982634,"Keller, TX","16000US4838632","keller-tx",302064,27580,157,17.197452229299362,154994,94.8875440339626,0.8895764842390254
0,"Management, Business, Science, & Arts Occupations",2,"Education, Legal, Community Service, Arts, & Media Occupations",7,"Education Instruction, & Library Occupations",2015,"2015","04000US48","Texas",1563,289.3475418938271,1.2432794467403434,"Keller, TX","16000US4838632","keller-tx",106284,11778,1297,20.508866615265998,109151,-2.6266364943976694,7.556565461226068
0,"Management, Business, Science, & Arts Occupations",2,"Education, Legal, Community Service, Arts, & Media Occupations",8,"Arts, Design, Entertainment, Sports, & Media Occupations",2015,"2015","04000US48","Texas",468,162.4130536625674,1.1735281280344836,"Keller, TX","16000US4838632","keller-tx",62500,21196,429,9.090909090909092,65761,-4.958866197290187,2.2626184490427383
0,"Management, Business, Science, & Arts Occupations",3,"Healthcare Practitioners & Technical Occupations",9,"Health Diagnosing & Treating Practitioners & Other Technical Occupations",2015,"2015","04000US48","Texas",885,177.50492950901392,1.0932489384270625,"Keller, TX","16000US4838632","keller-tx",326575,15944,867,2.0761245674740483,290635,12.366026115230444,4.278669502997486
0,"Management, Business, Science, & Arts Occupations",3,"Healthcare Practitioners & Technical Occupations",10,"Health Technologists & Technicians",2015,"2015","04000US48","Texas",342,127.1416532848303,0.9104246565904165,"Keller, TX","16000US4838632","keller-tx",66638,39845,339,0.8849557522123894,62637,6.387598384341524,1.6534519435312318
1,"Service Occupations",4,"Service Occupations",11,"Healthcare Support Occupations",2015,"2015","04000US48","Texas",117,84.43340571124678,0.22772005511631419,"Keller, TX","16000US4838632","keller-tx",26886,5055,73,60.273972602739725,31920,-15.770676691729324,0.5656546122606846
1,"Service Occupations",4,"Service Occupations",14,"Food Preparation & Serving Related Occupations",2015,"2015","04000US48","Texas",512,147.12239802287075,0.4273604156183839,"Keller, TX","16000US4838632","keller-tx",12238,16876,495,3.4343434343434343,14927,-18.014336437328332,2.4753432604912007
1,"Service Occupations",4,"Service Occupations",15,"Building & Grounds Cleaning & Maintenance Occupations",2015,"2015","04000US48","Texas",102,82.49242389456138,0.12396840824901467,"Keller, TX","16000US4838632","keller-tx",31250,27779,118,-13.559322033898304,16975,84.09425625920471,0.49313479017598144
1,"Service Occupations",4,"Service Occupations",16,"Personal Care & Service Occupations",2015,"2015","04000US48","Texas",554,150.23315213360868,0.7270487887241398,"Keller, TX","16000US4838632","keller-tx",41621,18074,551,0.5444646098003629,47518,-12.410034092343954,2.67839876232837
1,"Service Occupations",5,"Protective Service Occupations",12,"Fire Fighting & Prevention, & Other Protective Service Workers Including Supervisors",2015,"2015","04000US48","Texas",113,72.11102550927978,0.4467647936756217,"Keller, TX","16000US4838632","keller-tx",76089,214905,126,-10.317460317460316,71133,6.967230399392688,0.5463159930380971
1,"Service Occupations",5,"Protective Service Occupations",13,"Law Enforcement Workers Including Supervisors",2015,"2015","04000US48","Texas",249,135.34031180694095,1.222358684773709,"Keller, TX","16000US4838632","keller-tx",75573,13144,259,-3.861003861003861,65398,15.558579773081746,1.2038290466060724
2,"Sales & Office Occupations",6,"Sales & Office Occupations",17,"Sales & Related Occupations",2015,"2015","04000US48","Texas",2724,323.4872485894923,1.2224339707181293,"Keller, TX","16000US4838632","keller-tx",134181,17720,2693,1.1511325659116227,136714,-1.8527729420542154,13.169599690582093
2,"Sales & Office Occupations",6,"Sales & Office Occupations",18,"Office & Administrative Support Occupations",2015,"2015","04000US48","Texas",2347,359.9236030048599,0.8526053768697129,"Keller, TX","16000US4838632","keller-tx",61270,22041,2371,-1.0122311261071277,60440,1.373262739907346,11.34693482885322
3,"Natural Resources, Construction, & Maintenance Occupations",7,"Natural Resources, Construction, & Maintenance Occupations",20,"Construction & Extraction Occupations",2015,"2015","04000US48","Texas",594,258.41439588382065,0.5746607436632739,"Keller, TX","16000US4838632","keller-tx",16667,20249,584,1.7123287671232876,20588,-19.045074800854866,2.871784954554245
3,"Natural Resources, Construction, & Maintenance Occupations",7,"Natural Resources, Construction, & Maintenance Occupations",21,"Installation, Maintenance, & Repair Occupations",2015,"2015","04000US48","Texas",568,179.86939706353607,0.852680920114351,"Keller, TX","16000US4838632","keller-tx",52708,21499,603,-5.804311774461028,63565,-17.080154172893888,2.7460839296074258
4,"Production, Transportation, & Material Moving Occupations",8,"Production, Transportation, & Material Moving Occupations",22,"Production Occupations",2015,"2015","04000US48","Texas",406,140.18559127100045,0.3290444973017201,"Keller, TX","16000US4838632","keller-tx",106460,45427,377,7.6923076923076925,105495,0.9147352955116357,1.962869851092632
4,"Production, Transportation, & Material Moving Occupations",8,"Production, Transportation, & Material Moving Occupations",23,"Transportation Occupations",2015,"2015","04000US48","Texas",577,158.44872987815333,0.7746851651723399,"Keller, TX","16000US4838632","keller-tx",114710,52207,614,-6.026058631921824,115085,-0.3258461137420168,2.7895958228582476
0,"Management, Business, Science, & Arts Occupations",0,"Management, Business, & Financial Occupations",0,"Management Occupations",2014,"2014","04000US48","Texas",3814,353.65661311503845,1.967023441165482,"Keller, TX","16000US4838632","keller-tx",209205,25923,3912,-2.505112474437628,207938,0.6093162384941665,19.19476597886261
0,"Management, Business, Science, & Arts Occupations",0,"Management, Business, & Financial Occupations",1,"Business & Financial Operations Occupations",2014,"2014","04000US48","Texas",1776,275.0872588834314,1.8707607141995923,"Keller, TX","16000US4838632","keller-tx",159126,18563,1612,10.173697270471465,148826,6.920833725289937,8.938097634625063
0,"Management, Business, Science, & Arts Occupations",1,"Computer, Engineering, & Science Occupations",2,"Computer & Mathematical Occupations",2014,"2014","04000US48","Texas",1038,232.5510696599781,1.982582219162935,"Keller, TX","16000US4838632","keller-tx",152736,24088,993,4.531722054380665,154915,-1.4065778007294323,5.223955712128838
0,"Management, Business, Science, & Arts Occupations",1,"Computer, Engineering, & Science Occupations",3,"Architecture & Engineering Occupations",2014,"2014","04000US48","Texas",568,157.81318069160127,1.5648953330625806,"Keller, TX","16000US4838632","keller-tx",164361,80571,537,5.772811918063315,138446,18.718489519379396,2.8585807750377454
0,"Management, Business, Science, & Arts Occupations",1,"Computer, Engineering, & Science Occupations",4,"Life, Physical, & Social Science Occupations",2014,"2014","04000US48","Texas",41,30.610455730027937,0.23472022394049144,"Keller, TX","16000US4838632","keller-tx",218472,151886,48,-14.583333333333334,215625,1.3203478260869566,0.20634121791645696
0,"Management, Business, Science, & Arts Occupations",2,"Education, Legal, Community Service, Arts, & Media Occupations",5,"Community & Social Service Occupations",2014,"2014","04000US48","Texas",355,137.90576492663385,1.068082630094229,"Keller, TX","16000US4838632","keller-tx",82092,27039,287,23.693379790940767,89366,-8.139560906832575,1.7866129843985907
0,"Management, Business, Science, & Arts Occupations",2,"Education, Legal, Community Service, Arts, & Media Occupations",6,"Legal Occupations",2014,"2014","04000US48","Texas",157,95.77055915050303,0.6789858138744564,"Keller, TX","16000US4838632","keller-tx",154994,60606,152,3.289473684210526,140549,10.277554447203466,0.7901358832410669
0,"Management, Business, Science, & Arts Occupations",2,"Education, Legal, Community Service, Arts, & Media Occupations",7,"Education Instruction, & Library Occupations",2014,"2014","04000US48","Texas",1297,238.83885781003056,1.065467544790084,"Keller, TX","16000US4838632","keller-tx",109151,9821,1312,-1.1432926829268293,108465,0.632462084543401,6.527428283844992
0,"Management, Business, Science, & Arts Occupations",2,"Education, Legal, Community Service, Arts, & Media Occupations",8,"Arts, Design, Entertainment, Sports, & Media Occupations",2014,"2014","04000US48","Texas",429,147.87156589419075,1.129409975013167,"Keller, TX","16000US4838632","keller-tx",65761,38481,393,9.16030534351145,67906,-3.1587783111948866,2.1590337191746354
0,"Management, Business, Science, & Arts Occupations",3,"Healthcare Practitioners & Technical Occupations",9,"Health Diagnosing & Treating Practitioners & Other Technical Occupations",2014,"2014","04000US48","Texas",867,177.50774630984418,1.1240873929617765,"Keller, TX","16000US4838632","keller-tx",290635,78971,828,4.710144927536232,282791,2.773779929347115,4.363361852038248
0,"Management, Business, Science, & Arts Occupations",3,"Healthcare Practitioners & Technical Occupations",10,"Health Technologists & Technicians",2014,"2014","04000US48","Texas",339,107.70329614269006,0.956362086021385,"Keller, TX","16000US4838632","keller-tx",62637,30836,366,-7.377049180327869,46833,33.74543591057588,1.7060895822848514
1,"Service Occupations",4,"Service Occupations",11,"Healthcare Support Occupations",2014,"2014","04000US48","Texas",73,63.976558206893245,0.14636876836713628,"Keller, TX","16000US4838632","keller-tx",31920,2245,77,-5.194805194805195,31723,0.6210005358887872,0.3673880221439356
1,"Service Occupations",4,"Service Occupations",14,"Food Preparation & Serving Related Occupations",2014,"2014","04000US48","Texas",495,160,0.4323819529301917,"Keller, TX","16000US4838632","keller-tx",14927,13589,517,-4.25531914893617,16814,-11.222790531699774,2.49119275289381
1,"Service Occupations",4,"Service Occupations",15,"Building & Grounds Cleaning & Maintenance Occupations",2014,"2014","04000US48","Texas",118,89.94442728707544,0.14819933984494577,"Keller, TX","16000US4838632","keller-tx",16975,6909,161,-26.70807453416149,15798,7.450310165843778,0.5938600905888274
1,"Service Occupations",4,"Service Occupations",16,"Personal Care & Service Occupations",2014,"2014","04000US48","Texas",551,159.01257811883937,0.7588632360792312,"Keller, TX","16000US4838632","keller-tx",47518,17802,544,1.2867647058823528,41514,14.462590933179168,2.773024660291897
1,"Service Occupations",5,"Protective Service Occupations",12,"Fire Fighting & Prevention, & Other Protective Service Workers Including Supervisors",2014,"2014","04000US48","Texas",126,78.29431652425353,0.5140901903918497,"Keller, TX","16000US4838632","keller-tx",71133,18185,139,-9.352517985611511,71620,-0.6799776598715442,0.634121791645697
1,"Service Occupations",5,"Protective Service Occupations",13,"Law Enforcement Workers Including Supervisors",2014,"2014","04000US48","Texas",259,130.23056476879765,1.3068375625024264,"Keller, TX","16000US4838632","keller-tx",65398,27183,237,9.282700421940929,75291,-13.139684690069197,1.303472571716155
2,"Sales & Office Occupations",6,"Sales & Office Occupations",17,"Sales & Related Occupations",2014,"2014","04000US48","Texas",2693,325.4243383645421,1.2477579129384857,"Keller, TX","16000US4838632","keller-tx",136714,25609,2653,1.5077271013946476,129518,5.55598449636344,13.553095118268747
2,"Sales & Office Occupations",6,"Sales & Office Occupations",18,"Office & Administrative Support Occupations",2014,"2014","04000US48","Texas",2371,349.67413401622946,0.8842815988748098,"Keller, TX","16000US4838632","keller-tx",60440,11188,2394,-0.960735171261487,57362,5.3659216903176326,11.932561650729744
3,"Natural Resources, Construction, & Maintenance Occupations",7,"Natural Resources, Construction, & Maintenance Occupations",20,"Construction & Extraction Occupations",2014,"2014","04000US48","Texas",584,235.55254190944325,0.5880173383012254,"Keller, TX","16000US4838632","keller-tx",20588,25012,501,16.56686626746507,35368,-41.789187966523414,2.939104177151485
3,"Natural Resources, Construction, & Maintenance Occupations",7,"Natural Resources, Construction, & Maintenance Occupations",21,"Installation, Maintenance, & Repair Occupations",2014,"2014","04000US48","Texas",603,172.13076424625552,0.9349254051997867,"Keller, TX","16000US4838632","keller-tx",63565,22186,681,-11.45374449339207,59519,6.797829264604579,3.03472571716155
4,"Production, Transportation, & Material Moving Occupations",8,"Production, Transportation, & Material Moving Occupations",22,"Production Occupations",2014,"2014","04000US48","Texas",377,136.7406303919943,0.31861151628186685,"Keller, TX","16000US4838632","keller-tx",105495,55319,370,1.891891891891892,71214,48.138006571741506,1.8973326623049822
4,"Production, Transportation, & Material Moving Occupations",8,"Production, Transportation, & Material Moving Occupations",23,"Transportation Occupations",2014,"2014","04000US48","Texas",614,169.81166037701885,0.8666960404882867,"Keller, TX","16000US4838632","keller-tx",115085,60992,726,-15.426997245179063,100667,14.322469130896916,3.090085556114746
0,"Management, Business, Science, & Arts Occupations",0,"Management, Business, & Financial Occupations",0,"Management Occupations",2013,"2013","04000US48","Texas",3912,458.6610949273985,2.0425710850249605,"Keller, TX","16000US4838632","keller-tx",207938,23089,,NaN,,NaN,19.82265011401064
0,"Management, Business, Science, & Arts Occupations",0,"Management, Business, & Financial Occupations",1,"Business & Financial Operations Occupations",2013,"2013","04000US48","Texas",1612,241.0082986123092,1.7192406642698483,"Keller, TX","16000US4838632","keller-tx",148826,13189,,NaN,,NaN,8.168229034709906
0,"Management, Business, Science, & Arts Occupations",1,"Computer, Engineering, & Science Occupations",2,"Computer & Mathematical Occupations",2013,"2013","04000US48","Texas",993,216.36312070221211,1.9561187368217037,"Keller, TX","16000US4838632","keller-tx",154915,61170,,NaN,,NaN,5.0316696224981
0,"Management, Business, Science, & Arts Occupations",1,"Computer, Engineering, & Science Occupations",3,"Architecture & Engineering Occupations",2013,"2013","04000US48","Texas",537,154.65122049308243,1.481151843262133,"Keller, TX","16000US4838632","keller-tx",138446,190721,,NaN,,NaN,2.7210539650367367
0,"Management, Business, Science, & Arts Occupations",1,"Computer, Engineering, & Science Occupations",4,"Life, Physical, & Social Science Occupations",2013,"2013","04000US48","Texas",48,33.421549934136806,0.27728750826077997,"Keller, TX","16000US4838632","keller-tx",215625,235431,,NaN,,NaN,0.24322270078540661
0,"Management, Business, Science, & Arts Occupations",2,"Education, Legal, Community Service, Arts, & Media Occupations",5,"Community & Social Service Occupations",2013,"2013","04000US48","Texas",287,134.61797799699713,0.8741610589393716,"Keller, TX","16000US4838632","keller-tx",89366,81208,,NaN,,NaN,1.454269065112744
0,"Management, Business, Science, & Arts Occupations",2,"Education, Legal, Community Service, Arts, & Media Occupations",6,"Legal Occupations",2013,"2013","04000US48","Texas",152,79.0253124005214,0.6562072024773958,"Keller, TX","16000US4838632","keller-tx",140549,46782,,NaN,,NaN,0.7702052191537877
0,"Management, Business, Science, & Arts Occupations",2,"Education, Legal, Community Service, Arts, & Media Occupations",7,"Education Instruction, & Library Occupations",2013,"2013","04000US48","Texas",1312,259.8557292037257,1.0821813862759277,"Keller, TX","16000US4838632","keller-tx",108465,8763,,NaN,,NaN,6.6480871548011145
0,"Management, Business, Science, & Arts Occupations",2,"Education, Legal, Community Service, Arts, & Media Occupations",8,"Arts, Design, Entertainment, Sports, & Media Occupations",2013,"2013","04000US48","Texas",393,134.5288073239334,1.0531518505512227,"Keller, TX","16000US4838632","keller-tx",67906,31247,,NaN,,NaN,1.991385862680517
0,"Management, Business, Science, & Arts Occupations",3,"Healthcare Practitioners & Technical Occupations",9,"Health Diagnosing & Treating Practitioners & Other Technical Occupations",2013,"2013","04000US48","Texas",828,191.8801709400948,1.0945576484715216,"Keller, TX","16000US4838632","keller-tx",282791,91263,,NaN,,NaN,4.195591588548265
0,"Management, Business, Science, & Arts Occupations",3,"Healthcare Practitioners & Technical Occupations",10,"Health Technologists & Technicians",2013,"2013","04000US48","Texas",366,154.14603465545258,1.0638144866918522,"Keller, TX","16000US4838632","keller-tx",46833,28879,,NaN,,NaN,1.8545730934887257
1,"Service Occupations",4,"Service Occupations",11,"Healthcare Support Occupations",2013,"2013","04000US48","Texas",77,58.591808301161,0.15468143574921162,"Keller, TX","16000US4838632","keller-tx",31723,7789,,NaN,,NaN,0.3901697491765898
1,"Service Occupations",4,"Service Occupations",14,"Food Preparation & Serving Related Occupations",2013,"2013","04000US48","Texas",517,169.07099100673656,0.4602642756984984,"Keller, TX","16000US4838632","keller-tx",16814,5659,,NaN,,NaN,2.6197111730428175
1,"Service Occupations",4,"Service Occupations",15,"Building & Grounds Cleaning & Maintenance Occupations",2013,"2013","04000US48","Texas",161,99.84988733093293,0.20396145814228245,"Keller, TX","16000US4838632","keller-tx",15798,11073,,NaN,,NaN,0.8158094755510514
1,"Service Occupations",4,"Service Occupations",16,"Personal Care & Service Occupations",2013,"2013","04000US48","Texas",544,170.3202865192517,0.7612793309723757,"Keller, TX","16000US4838632","keller-tx",41514,16614,,NaN,,NaN,2.7565239422346086
1,"Service Occupations",5,"Protective Service Occupations",12,"Fire Fighting & Prevention, & Other Protective Service Workers Including Supervisors",2013,"2013","04000US48","Texas",139,71.17583859709698,0.5703145244929109,"Keller, TX","16000US4838632","keller-tx",71620,29204,,NaN,,NaN,0.70433240435774
1,"Service Occupations",5,"Protective Service Occupations",13,"Law Enforcement Workers Including Supervisors",2013,"2013","04000US48","Texas",237,125.60254774486066,1.192273281333772,"Keller, TX","16000US4838632","keller-tx",75291,29732,,NaN,,NaN,1.2009120851279453
2,"Sales & Office Occupations",6,"Sales & Office Occupations",17,"Sales & Related Occupations",2013,"2013","04000US48","Texas",2653,361.1370930823917,1.2285791284947856,"Keller, TX","16000US4838632","keller-tx",129518,25942,,NaN,,NaN,13.443121357993412
2,"Sales & Office Occupations",6,"Sales & Office Occupations",18,"Office & Administrative Support Occupations",2013,"2013","04000US48","Texas",2394,371.18728426496506,0.8854908292412215,"Keller, TX","16000US4838632","keller-tx",57362,13998,,NaN,,NaN,12.130732201672156
3,"Natural Resources, Construction, & Maintenance Occupations",7,"Natural Resources, Construction, & Maintenance Occupations",20,"Construction & Extraction Occupations",2013,"2013","04000US48","Texas",501,190.91883092036784,0.5024716819028426,"Keller, TX","16000US4838632","keller-tx",35368,27332,,NaN,,NaN,2.5386369394476818
3,"Natural Resources, Construction, & Maintenance Occupations",7,"Natural Resources, Construction, & Maintenance Occupations",21,"Installation, Maintenance, & Repair Occupations",2013,"2013","04000US48","Texas",681,210.7368026710095,1.0493781478182465,"Keller, TX","16000US4838632","keller-tx",59519,22854,,NaN,,NaN,3.450722067392957
4,"Production, Transportation, & Material Moving Occupations",8,"Production, Transportation, & Material Moving Occupations",22,"Production Occupations",2013,"2013","04000US48","Texas",370,138.67948658687772,0.31510546511534354,"Keller, TX","16000US4838632","keller-tx",71214,63460,,NaN,,NaN,1.8748416518875095
4,"Production, Transportation, & Material Moving Occupations",8,"Production, Transportation, & Material Moving Occupations",23,"Transportation Occupations",2013,"2013","04000US48","Texas",726,176.60407696313243,1.0358828949576522,"Keller, TX","16000US4838632","keller-tx",100667,72950,,NaN,,NaN,3.678743349379275