"Column Name","Label"
"GEO_ID","Geography"
"NAME","Geographic Area Name"
"B17015_001E","Estimate!!Total:"
"B17015_001M","Margin of Error!!Total:"
"B17015_002E","Estimate!!Total:!!Income in the past 12 months below poverty level:"
"B17015_002M","Margin of Error!!Total:!!Income in the past 12 months below poverty level:"
"B17015_003E","Estimate!!Total:!!Income in the past 12 months below poverty level:!!Married-couple family:"
"B17015_003M","Margin of Error!!Total:!!Income in the past 12 months below poverty level:!!Married-couple family:"
"B17015_004E","Estimate!!Total:!!Income in the past 12 months below poverty level:!!Married-couple family:!!With Social Security income in the past 12 months:"
"B17015_004M","Margin of Error!!Total:!!Income in the past 12 months below poverty level:!!Married-couple family:!!With Social Security income in the past 12 months:"
"B17015_005E","Estimate!!Total:!!Income in the past 12 months below poverty level:!!Married-couple family:!!With Social Security income in the past 12 months:!!With SSI and/or cash public assistance income in the past 12 months"
"B17015_005M","Margin of Error!!Total:!!Income in the past 12 months below poverty level:!!Married-couple family:!!With Social Security income in the past 12 months:!!With SSI and/or cash public assistance income in the past 12 months"
"B17015_006E","Estimate!!Total:!!Income in the past 12 months below poverty level:!!Married-couple family:!!With Social Security income in the past 12 months:!!Without SSI or cash public assistance income in the past 12 months"
"B17015_006M","Margin of Error!!Total:!!Income in the past 12 months below poverty level:!!Married-couple family:!!With Social Security income in the past 12 months:!!Without SSI or cash public assistance income in the past 12 months"
"B17015_007E","Estimate!!Total:!!Income in the past 12 months below poverty level:!!Married-couple family:!!Without Social Security income in the past 12 months:"
"B17015_007M","Margin of Error!!Total:!!Income in the past 12 months below poverty level:!!Married-couple family:!!Without Social Security income in the past 12 months:"
"B17015_008E","Estimate!!Total:!!Income in the past 12 months below poverty level:!!Married-couple family:!!Without Social Security income in the past 12 months:!!With SSI and/or cash public assistance income in the past 12 months"
"B17015_008M","Margin of Error!!Total:!!Income in the past 12 months below poverty level:!!Married-couple family:!!Without Social Security income in the past 12 months:!!With SSI and/or cash public assistance income in the past 12 months"
"B17015_009E","Estimate!!Total:!!Income in the past 12 months below poverty level:!!Married-couple family:!!Without Social Security income in the past 12 months:!!Without SSI or cash public assistance income in the past 12 months"
"B17015_009M","Margin of Error!!Total:!!Income in the past 12 months below poverty level:!!Married-couple family:!!Without Social Security income in the past 12 months:!!Without SSI or cash public assistance income in the past 12 months"
"B17015_010E","Estimate!!Total:!!Income in the past 12 months below poverty level:!!Other family:"
"B17015_010M","Margin of Error!!Total:!!Income in the past 12 months below poverty level:!!Other family:"
"B17015_011E","Estimate!!Total:!!Income in the past 12 months below poverty level:!!Other family:!!Male householder, no spouse present:"
"B17015_011M","Margin of Error!!Total:!!Income in the past 12 months below poverty level:!!Other family:!!Male householder, no spouse present:"
"B17015_012E","Estimate!!Total:!!Income in the past 12 months below poverty level:!!Other family:!!Male householder, no spouse present:!!With Social Security income in the past 12 months:"
"B17015_012M","Margin of Error!!Total:!!Income in the past 12 months below poverty level:!!Other family:!!Male householder, no spouse present:!!With Social Security income in the past 12 months:"
"B17015_013E","Estimate!!Total:!!Income in the past 12 months below poverty level:!!Other family:!!Male householder, no spouse present:!!With Social Security income in the past 12 months:!!With SSI and/or cash public assistance income in the past 12 months"
"B17015_013M","Margin of Error!!Total:!!Income in the past 12 months below poverty level:!!Other family:!!Male householder, no spouse present:!!With Social Security income in the past 12 months:!!With SSI and/or cash public assistance income in the past 12 months"
"B17015_014E","Estimate!!Total:!!Income in the past 12 months below poverty level:!!Other family:!!Male householder, no spouse present:!!With Social Security income in the past 12 months:!!Without SSI or cash public assistance income in the past 12 months"
"B17015_014M","Margin of Error!!Total:!!Income in the past 12 months below poverty level:!!Other family:!!Male householder, no spouse present:!!With Social Security income in the past 12 months:!!Without SSI or cash public assistance income in the past 12 months"
"B17015_015E","Estimate!!Total:!!Income in the past 12 months below poverty level:!!Other family:!!Male householder, no spouse present:!!Without Social Security income in the past 12 months:"
"B17015_015M","Margin of Error!!Total:!!Income in the past 12 months below poverty level:!!Other family:!!Male householder, no spouse present:!!Without Social Security income in the past 12 months:"
"B17015_016E","Estimate!!Total:!!Income in the past 12 months below poverty level:!!Other family:!!Male householder, no spouse present:!!Without Social Security income in the past 12 months:!!With SSI and/or cash public assistance income in the past 12 months"
"B17015_016M","Margin of Error!!Total:!!Income in the past 12 months below poverty level:!!Other family:!!Male householder, no spouse present:!!Without Social Security income in the past 12 months:!!With SSI and/or cash public assistance income in the past 12 months"
"B17015_017E","Estimate!!Total:!!Income in the past 12 months below poverty level:!!Other family:!!Male householder, no spouse present:!!Without Social Security income in the past 12 months:!!Without SSI or cash public assistance income in the past 12 months"
"B17015_017M","Margin of Error!!Total:!!Income in the past 12 months below poverty level:!!Other family:!!Male householder, no spouse present:!!Without Social Security income in the past 12 months:!!Without SSI or cash public assistance income in the past 12 months"
"B17015_018E","Estimate!!Total:!!Income in the past 12 months below poverty level:!!Other family:!!Female householder, no spouse present:"
"B17015_018M","Margin of Error!!Total:!!Income in the past 12 months below poverty level:!!Other family:!!Female householder, no spouse present:"
"B17015_019E","Estimate!!Total:!!Income in the past 12 months below poverty level:!!Other family:!!Female householder, no spouse present:!!With Social Security income in the past 12 months:"
"B17015_019M","Margin of Error!!Total:!!Income in the past 12 months below poverty level:!!Other family:!!Female householder, no spouse present:!!With Social Security income in the past 12 months:"
"B17015_020E","Estimate!!Total:!!Income in the past 12 months below poverty level:!!Other family:!!Female householder, no spouse present:!!With Social Security income in the past 12 months:!!With SSI and/or cash public assistance income in the past 12 months"
"B17015_020M","Margin of Error!!Total:!!Income in the past 12 months below poverty level:!!Other family:!!Female householder, no spouse present:!!With Social Security income in the past 12 months:!!With SSI and/or cash public assistance income in the past 12 months"
"B17015_021E","Estimate!!Total:!!Income in the past 12 months below poverty level:!!Other family:!!Female householder, no spouse present:!!With Social Security income in the past 12 months:!!Without SSI or cash public assistance income in the past 12 months"
"B17015_021M","Margin of Error!!Total:!!Income in the past 12 months below poverty level:!!Other family:!!Female householder, no spouse present:!!With Social Security income in the past 12 months:!!Without SSI or cash public assistance income in the past 12 months"
"B17015_022E","Estimate!!Total:!!Income in the past 12 months below poverty level:!!Other family:!!Female householder, no spouse present:!!Without Social Security income in the past 12 months:"
"B17015_022M","Margin of Error!!Total:!!Income in the past 12 months below poverty level:!!Other family:!!Female householder, no spouse present:!!Without Social Security income in the past 12 months:"
"B17015_023E","Estimate!!Total:!!Income in the past 12 months below poverty level:!!Other family:!!Female householder, no spouse present:!!Without Social Security income in the past 12 months:!!With SSI and/or cash public assistance income in the past 12 months"
"B17015_023M","Margin of Error!!Total:!!Income in the past 12 months below poverty level:!!Other family:!!Female householder, no spouse present:!!Without Social Security income in the past 12 months:!!With SSI and/or cash public assistance income in the past 12 months"
"B17015_024E","Estimate!!Total:!!Income in the past 12 months below poverty level:!!Other family:!!Female householder, no spouse present:!!Without Social Security income in the past 12 months:!!Without SSI or cash public assistance income in the past 12 months"
"B17015_024M","Margin of Error!!Total:!!Income in the past 12 months below poverty level:!!Other family:!!Female householder, no spouse present:!!Without Social Security income in the past 12 months:!!Without SSI or cash public assistance income in the past 12 months"
"B17015_025E","Estimate!!Total:!!Income in the past 12 months at or above poverty level:"
"B17015_025M","Margin of Error!!Total:!!Income in the past 12 months at or above poverty level:"
"B17015_026E","Estimate!!Total:!!Income in the past 12 months at or above poverty level:!!Married-couple family:"
"B17015_026M","Margin of Error!!Total:!!Income in the past 12 months at or above poverty level:!!Married-couple family:"
"B17015_027E","Estimate!!Total:!!Income in the past 12 months at or above poverty level:!!Married-couple family:!!With Social Security income in the past 12 months:"
"B17015_027M","Margin of Error!!Total:!!Income in the past 12 months at or above poverty level:!!Married-couple family:!!With Social Security income in the past 12 months:"
"B17015_028E","Estimate!!Total:!!Income in the past 12 months at or above poverty level:!!Married-couple family:!!With Social Security income in the past 12 months:!!With SSI and/or cash public assistance income in the past 12 months"
"B17015_028M","Margin of Error!!Total:!!Income in the past 12 months at or above poverty level:!!Married-couple family:!!With Social Security income in the past 12 months:!!With SSI and/or cash public assistance income in the past 12 months"
"B17015_029E","Estimate!!Total:!!Income in the past 12 months at or above poverty level:!!Married-couple family:!!With Social Security income in the past 12 months:!!Without SSI or cash public assistance income in the past 12 months"
"B17015_029M","Margin of Error!!Total:!!Income in the past 12 months at or above poverty level:!!Married-couple family:!!With Social Security income in the past 12 months:!!Without SSI or cash public assistance income in the past 12 months"
"B17015_030E","Estimate!!Total:!!Income in the past 12 months at or above poverty level:!!Married-couple family:!!Without Social Security income in the past 12 months:"
"B17015_030M","Margin of Error!!Total:!!Income in the past 12 months at or above poverty level:!!Married-couple family:!!Without Social Security income in the past 12 months:"
"B17015_031E","Estimate!!Total:!!Income in the past 12 months at or above poverty level:!!Married-couple family:!!Without Social Security income in the past 12 months:!!With SSI and/or cash public assistance income in the past 12 months"
"B17015_031M","Margin of Error!!Total:!!Income in the past 12 months at or above poverty level:!!Married-couple family:!!Without Social Security income in the past 12 months:!!With SSI and/or cash public assistance income in the past 12 months"
"B17015_032E","Estimate!!Total:!!Income in the past 12 months at or above poverty level:!!Married-couple family:!!Without Social Security income in the past 12 months:!!Without SSI or cash public assistance income in the past 12 months"
"B17015_032M","Margin of Error!!Total:!!Income in the past 12 months at or above poverty level:!!Married-couple family:!!Without Social Security income in the past 12 months:!!Without SSI or cash public assistance income in the past 12 months"
"B17015_033E","Estimate!!Total:!!Income in the past 12 months at or above poverty level:!!Other family:"
"B17015_033M","Margin of Error!!Total:!!Income in the past 12 months at or above poverty level:!!Other family:"
"B17015_034E","Estimate!!Total:!!Income in the past 12 months at or above poverty level:!!Other family:!!Male householder, no spouse present:"
"B17015_034M","Margin of Error!!Total:!!Income in the past 12 months at or above poverty level:!!Other family:!!Male householder, no spouse present:"
"B17015_035E","Estimate!!Total:!!Income in the past 12 months at or above poverty level:!!Other family:!!Male householder, no spouse present:!!With Social Security income in the past 12 months:"
"B17015_035M","Margin of Error!!Total:!!Income in the past 12 months at or above poverty level:!!Other family:!!Male householder, no spouse present:!!With Social Security income in the past 12 months:"
"B17015_036E","Estimate!!Total:!!Income in the past 12 months at or above poverty level:!!Other family:!!Male householder, no spouse present:!!With Social Security income in the past 12 months:!!With SSI and/or cash public assistance income in the past 12 months"
"B17015_036M","Margin of Error!!Total:!!Income in the past 12 months at or above poverty level:!!Other family:!!Male householder, no spouse present:!!With Social Security income in the past 12 months:!!With SSI and/or cash public assistance income in the past 12 months"
"B17015_037E","Estimate!!Total:!!Income in the past 12 months at or above poverty level:!!Other family:!!Male householder, no spouse present:!!With Social Security income in the past 12 months:!!Without SSI or cash public assistance income in the past 12 months"
"B17015_037M","Margin of Error!!Total:!!Income in the past 12 months at or above poverty level:!!Other family:!!Male householder, no spouse present:!!With Social Security income in the past 12 months:!!Without SSI or cash public assistance income in the past 12 months"
"B17015_038E","Estimate!!Total:!!Income in the past 12 months at or above poverty level:!!Other family:!!Male householder, no spouse present:!!Without Social Security income in the past 12 months:"
"B17015_038M","Margin of Error!!Total:!!Income in the past 12 months at or above poverty level:!!Other family:!!Male householder, no spouse present:!!Without Social Security income in the past 12 months:"
"B17015_039E","Estimate!!Total:!!Income in the past 12 months at or above poverty level:!!Other family:!!Male householder, no spouse present:!!Without Social Security income in the past 12 months:!!With SSI and/or cash public assistance income in the past 12 months"
"B17015_039M","Margin of Error!!Total:!!Income in the past 12 months at or above poverty level:!!Other family:!!Male householder, no spouse present:!!Without Social Security income in the past 12 months:!!With SSI and/or cash public assistance income in the past 12 months"
"B17015_040E","Estimate!!Total:!!Income in the past 12 months at or above poverty level:!!Other family:!!Male householder, no spouse present:!!Without Social Security income in the past 12 months:!!Without SSI or cash public assistance income in the past 12 months"
"B17015_040M","Margin of Error!!Total:!!Income in the past 12 months at or above poverty level:!!Other family:!!Male householder, no spouse present:!!Without Social Security income in the past 12 months:!!Without SSI or cash public assistance income in the past 12 months"
"B17015_041E","Estimate!!Total:!!Income in the past 12 months at or above poverty level:!!Other family:!!Female householder, no spouse present:"
"B17015_041M","Margin of Error!!Total:!!Income in the past 12 months at or above poverty level:!!Other family:!!Female householder, no spouse present:"
"B17015_042E","Estimate!!Total:!!Income in the past 12 months at or above poverty level:!!Other family:!!Female householder, no spouse present:!!With Social Security income in the past 12 months:"
"B17015_042M","Margin of Error!!Total:!!Income in the past 12 months at or above poverty level:!!Other family:!!Female householder, no spouse present:!!With Social Security income in the past 12 months:"
"B17015_043E","Estimate!!Total:!!Income in the past 12 months at or above poverty level:!!Other family:!!Female householder, no spouse present:!!With Social Security income in the past 12 months:!!With SSI and/or cash public assistance income in the past 12 months"
"B17015_043M","Margin of Error!!Total:!!Income in the past 12 months at or above poverty level:!!Other family:!!Female householder, no spouse present:!!With Social Security income in the past 12 months:!!With SSI and/or cash public assistance income in the past 12 months"
"B17015_044E","Estimate!!Total:!!Income in the past 12 months at or above poverty level:!!Other family:!!Female householder, no spouse present:!!With Social Security income in the past 12 months:!!Without SSI or cash public assistance income in the past 12 months"
"B17015_044M","Margin of Error!!Total:!!Income in the past 12 months at or above poverty level:!!Other family:!!Female householder, no spouse present:!!With Social Security income in the past 12 months:!!Without SSI or cash public assistance income in the past 12 months"
"B17015_045E","Estimate!!Total:!!Income in the past 12 months at or above poverty level:!!Other family:!!Female householder, no spouse present:!!Without Social Security income in the past 12 months:"
"B17015_045M","Margin of Error!!Total:!!Income in the past 12 months at or above poverty level:!!Other family:!!Female householder, no spouse present:!!Without Social Security income in the past 12 months:"
"B17015_046E","Estimate!!Total:!!Income in the past 12 months at or above poverty level:!!Other family:!!Female householder, no spouse present:!!Without Social Security income in the past 12 months:!!With SSI and/or cash public assistance income in the past 12 months"
"B17015_046M","Margin of Error!!Total:!!Income in the past 12 months at or above poverty level:!!Other family:!!Female householder, no spouse present:!!Without Social Security income in the past 12 months:!!With SSI and/or cash public assistance income in the past 12 months"
"B17015_047E","Estimate!!Total:!!Income in the past 12 months at or above poverty level:!!Other family:!!Female householder, no spouse present:!!Without Social Security income in the past 12 months:!!Without SSI or cash public assistance income in the past 12 months"
"B17015_047M","Margin of Error!!Total:!!Income in the past 12 months at or above poverty level:!!Other family:!!Female householder, no spouse present:!!Without Social Security income in the past 12 months:!!Without SSI or cash public assistance income in the past 12 months"
