"Column Name","Label"
"GEO_ID","Geography"
"NAME","Geographic Area Name"
"S2001_C01_001E","Estimate!!Total!!Population 16 years and over with earnings"
"S2001_C01_001M","Margin of Error!!Total MOE!!Population 16 years and over with earnings"
"S2001_C01_002E","Estimate!!Total!!Population 16 years and over with earnings!!Median earnings (dollars)"
"S2001_C01_002M","Margin of Error!!Total MOE!!Population 16 years and over with earnings!!Median earnings (dollars)"
"S2001_C01_003E","Estimate!!Total!!Population 16 years and over with earnings!!FULL-TIME, YEAR-ROUND WORKERS WITH EARNINGS"
"S2001_C01_003M","Margin of Error!!Total MOE!!Population 16 years and over with earnings!!FULL-TIME, YEAR-ROUND WORKERS WITH EARNINGS"
"S2001_C01_004E","Estimate!!Total!!Population 16 years and over with earnings!!FULL-TIME, YEAR-ROUND WORKERS WITH EARNINGS!!$1 to $9,999 or loss"
"S2001_C01_004M","Margin of Error!!Total MOE!!Population 16 years and over with earnings!!FULL-TIME, YEAR-ROUND WORKERS WITH EARNINGS!!$1 to $9,999 or loss"
"S2001_C01_005E","Estimate!!Total!!Population 16 years and over with earnings!!FULL-TIME, YEAR-ROUND WORKERS WITH EARNINGS!!$10,000 to $14,999"
"S2001_C01_005M","Margin of Error!!Total MOE!!Population 16 years and over with earnings!!FULL-TIME, YEAR-ROUND WORKERS WITH EARNINGS!!$10,000 to $14,999"
"S2001_C01_006E","Estimate!!Total!!Population 16 years and over with earnings!!FULL-TIME, YEAR-ROUND WORKERS WITH EARNINGS!!$15,000 to $24,999"
"S2001_C01_006M","Margin of Error!!Total MOE!!Population 16 years and over with earnings!!FULL-TIME, YEAR-ROUND WORKERS WITH EARNINGS!!$15,000 to $24,999"
"S2001_C01_007E","Estimate!!Total!!Population 16 years and over with earnings!!FULL-TIME, YEAR-ROUND WORKERS WITH EARNINGS!!$25,000 to $34,999"
"S2001_C01_007M","Margin of Error!!Total MOE!!Population 16 years and over with earnings!!FULL-TIME, YEAR-ROUND WORKERS WITH EARNINGS!!$25,000 to $34,999"
"S2001_C01_008E","Estimate!!Total!!Population 16 years and over with earnings!!FULL-TIME, YEAR-ROUND WORKERS WITH EARNINGS!!$35,000 to $49,999"
"S2001_C01_008M","Margin of Error!!Total MOE!!Population 16 years and over with earnings!!FULL-TIME, YEAR-ROUND WORKERS WITH EARNINGS!!$35,000 to $49,999"
"S2001_C01_009E","Estimate!!Total!!Population 16 years and over with earnings!!FULL-TIME, YEAR-ROUND WORKERS WITH EARNINGS!!$50,000 to $64,999"
"S2001_C01_009M","Margin of Error!!Total MOE!!Population 16 years and over with earnings!!FULL-TIME, YEAR-ROUND WORKERS WITH EARNINGS!!$50,000 to $64,999"
"S2001_C01_010E","Estimate!!Total!!Population 16 years and over with earnings!!FULL-TIME, YEAR-ROUND WORKERS WITH EARNINGS!!$65,000 to $74,999"
"S2001_C01_010M","Margin of Error!!Total MOE!!Population 16 years and over with earnings!!FULL-TIME, YEAR-ROUND WORKERS WITH EARNINGS!!$65,000 to $74,999"
"S2001_C01_011E","Estimate!!Total!!Population 16 years and over with earnings!!FULL-TIME, YEAR-ROUND WORKERS WITH EARNINGS!!$75,000 to $99,999"
"S2001_C01_011M","Margin of Error!!Total MOE!!Population 16 years and over with earnings!!FULL-TIME, YEAR-ROUND WORKERS WITH EARNINGS!!$75,000 to $99,999"
"S2001_C01_012E","Estimate!!Total!!Population 16 years and over with earnings!!FULL-TIME, YEAR-ROUND WORKERS WITH EARNINGS!!$100,000 or more"
"S2001_C01_012M","Margin of Error!!Total MOE!!Population 16 years and over with earnings!!FULL-TIME, YEAR-ROUND WORKERS WITH EARNINGS!!$100,000 or more"
"S2001_C01_013E","Estimate!!Total!!Population 16 years and over with earnings!!FULL-TIME, YEAR-ROUND WORKERS WITH EARNINGS!!Median earnings (dollars) for full-time, year-round workers with earnings"
"S2001_C01_013M","Margin of Error!!Total MOE!!Population 16 years and over with earnings!!FULL-TIME, YEAR-ROUND WORKERS WITH EARNINGS!!Median earnings (dollars) for full-time, year-round workers with earnings"
"S2001_C01_014E","Estimate!!Total!!Population 16 years and over with earnings!!FULL-TIME, YEAR-ROUND WORKERS WITH EARNINGS!!Mean earnings (dollars) for full-time, year-round workers with earnings"
"S2001_C01_014M","Margin of Error!!Total MOE!!Population 16 years and over with earnings!!FULL-TIME, YEAR-ROUND WORKERS WITH EARNINGS!!Mean earnings (dollars) for full-time, year-round workers with earnings"
"S2001_C01_015E","Estimate!!Total!!MEDIAN EARNINGS BY EDUCATIONAL ATTAINMENT!!Population 25 years and over with earnings"
"S2001_C01_015M","Margin of Error!!Total MOE!!MEDIAN EARNINGS BY EDUCATIONAL ATTAINMENT!!Population 25 years and over with earnings"
"S2001_C01_016E","Estimate!!Total!!MEDIAN EARNINGS BY EDUCATIONAL ATTAINMENT!!Population 25 years and over with earnings!!Less than high school graduate"
"S2001_C01_016M","Margin of Error!!Total MOE!!MEDIAN EARNINGS BY EDUCATIONAL ATTAINMENT!!Population 25 years and over with earnings!!Less than high school graduate"
"S2001_C01_017E","Estimate!!Total!!MEDIAN EARNINGS BY EDUCATIONAL ATTAINMENT!!Population 25 years and over with earnings!!High school graduate (includes equivalency)"
"S2001_C01_017M","Margin of Error!!Total MOE!!MEDIAN EARNINGS BY EDUCATIONAL ATTAINMENT!!Population 25 years and over with earnings!!High school graduate (includes equivalency)"
"S2001_C01_018E","Estimate!!Total!!MEDIAN EARNINGS BY EDUCATIONAL ATTAINMENT!!Population 25 years and over with earnings!!Some college or associate's degree"
"S2001_C01_018M","Margin of Error!!Total MOE!!MEDIAN EARNINGS BY EDUCATIONAL ATTAINMENT!!Population 25 years and over with earnings!!Some college or associate's degree"
"S2001_C01_019E","Estimate!!Total!!MEDIAN EARNINGS BY EDUCATIONAL ATTAINMENT!!Population 25 years and over with earnings!!Bachelor's degree"
"S2001_C01_019M","Margin of Error!!Total MOE!!MEDIAN EARNINGS BY EDUCATIONAL ATTAINMENT!!Population 25 years and over with earnings!!Bachelor's degree"
"S2001_C01_020E","Estimate!!Total!!MEDIAN EARNINGS BY EDUCATIONAL ATTAINMENT!!Population 25 years and over with earnings!!Graduate or professional degree"
"S2001_C01_020M","Margin of Error!!Total MOE!!MEDIAN EARNINGS BY EDUCATIONAL ATTAINMENT!!Population 25 years and over with earnings!!Graduate or professional degree"
"S2001_C02_001E","Estimate!!Percent!!Population 16 years and over with earnings"
"S2001_C02_001M","Margin of Error!!Percent MOE!!Population 16 years and over with earnings"
"S2001_C03_001E","Estimate!!Male!!Population 16 years and over with earnings"
"S2001_C03_001M","Margin of Error!!Male MOE!!Population 16 years and over with earnings"
"S2001_C04_001E","Estimate!!Percent Male!!Population 16 years and over with earnings"
"S2001_C04_001M","Margin of Error!!Percent Male MOE!!Population 16 years and over with earnings"
"S2001_C05_001E","Estimate!!Female!!Population 16 years and over with earnings"
"S2001_C05_001M","Margin of Error!!Female MOE!!Population 16 years and over with earnings"
"S2001_C06_001E","Estimate!!Percent Female!!Population 16 years and over with earnings"
"S2001_C06_001M","Margin of Error!!Percent Female MOE!!Population 16 years and over with earnings"
"S2001_C02_002E","Estimate!!Percent!!Population 16 years and over with earnings!!Median earnings (dollars)"
"S2001_C02_002M","Margin of Error!!Percent MOE!!Population 16 years and over with earnings!!Median earnings (dollars)"
"S2001_C03_002E","Estimate!!Male!!Population 16 years and over with earnings!!Median earnings (dollars)"
"S2001_C03_002M","Margin of Error!!Male MOE!!Population 16 years and over with earnings!!Median earnings (dollars)"
"S2001_C04_002E","Estimate!!Percent Male!!Population 16 years and over with earnings!!Median earnings (dollars)"
"S2001_C04_002M","Margin of Error!!Percent Male MOE!!Population 16 years and over with earnings!!Median earnings (dollars)"
"S2001_C05_002E","Estimate!!Female!!Population 16 years and over with earnings!!Median earnings (dollars)"
"S2001_C05_002M","Margin of Error!!Female MOE!!Population 16 years and over with earnings!!Median earnings (dollars)"
"S2001_C06_002E","Estimate!!Percent Female!!Population 16 years and over with earnings!!Median earnings (dollars)"
"S2001_C06_002M","Margin of Error!!Percent Female MOE!!Population 16 years and over with earnings!!Median earnings (dollars)"
"S2001_C02_003E","Estimate!!Percent!!Population 16 years and over with earnings!!FULL-TIME, YEAR-ROUND WORKERS WITH EARNINGS"
"S2001_C02_003M","Margin of Error!!Percent MOE!!Population 16 years and over with earnings!!FULL-TIME, YEAR-ROUND WORKERS WITH EARNINGS"
"S2001_C03_003E","Estimate!!Male!!Population 16 years and over with earnings!!FULL-TIME, YEAR-ROUND WORKERS WITH EARNINGS"
"S2001_C03_003M","Margin of Error!!Male MOE!!Population 16 years and over with earnings!!FULL-TIME, YEAR-ROUND WORKERS WITH EARNINGS"
"S2001_C04_003E","Estimate!!Percent Male!!Population 16 years and over with earnings!!FULL-TIME, YEAR-ROUND WORKERS WITH EARNINGS"
"S2001_C04_003M","Margin of Error!!Percent Male MOE!!Population 16 years and over with earnings!!FULL-TIME, YEAR-ROUND WORKERS WITH EARNINGS"
"S2001_C05_003E","Estimate!!Female!!Population 16 years and over with earnings!!FULL-TIME, YEAR-ROUND WORKERS WITH EARNINGS"
"S2001_C05_003M","Margin of Error!!Female MOE!!Population 16 years and over with earnings!!FULL-TIME, YEAR-ROUND WORKERS WITH EARNINGS"
"S2001_C06_003E","Estimate!!Percent Female!!Population 16 years and over with earnings!!FULL-TIME, YEAR-ROUND WORKERS WITH EARNINGS"
"S2001_C06_003M","Margin of Error!!Percent Female MOE!!Population 16 years and over with earnings!!FULL-TIME, YEAR-ROUND WORKERS WITH EARNINGS"
"S2001_C02_004E","Estimate!!Percent!!Population 16 years and over with earnings!!FULL-TIME, YEAR-ROUND WORKERS WITH EARNINGS!!$1 to $9,999 or loss"
"S2001_C02_004M","Margin of Error!!Percent MOE!!Population 16 years and over with earnings!!FULL-TIME, YEAR-ROUND WORKERS WITH EARNINGS!!$1 to $9,999 or loss"
"S2001_C03_004E","Estimate!!Male!!Population 16 years and over with earnings!!FULL-TIME, YEAR-ROUND WORKERS WITH EARNINGS!!$1 to $9,999 or loss"
"S2001_C03_004M","Margin of Error!!Male MOE!!Population 16 years and over with earnings!!FULL-TIME, YEAR-ROUND WORKERS WITH EARNINGS!!$1 to $9,999 or loss"
"S2001_C04_004E","Estimate!!Percent Male!!Population 16 years and over with earnings!!FULL-TIME, YEAR-ROUND WORKERS WITH EARNINGS!!$1 to $9,999 or loss"
"S2001_C04_004M","Margin of Error!!Percent Male MOE!!Population 16 years and over with earnings!!FULL-TIME, YEAR-ROUND WORKERS WITH EARNINGS!!$1 to $9,999 or loss"
"S2001_C05_004E","Estimate!!Female!!Population 16 years and over with earnings!!FULL-TIME, YEAR-ROUND WORKERS WITH EARNINGS!!$1 to $9,999 or loss"
"S2001_C05_004M","Margin of Error!!Female MOE!!Population 16 years and over with earnings!!FULL-TIME, YEAR-ROUND WORKERS WITH EARNINGS!!$1 to $9,999 or loss"
"S2001_C06_004E","Estimate!!Percent Female!!Population 16 years and over with earnings!!FULL-TIME, YEAR-ROUND WORKERS WITH EARNINGS!!$1 to $9,999 or loss"
"S2001_C06_004M","Margin of Error!!Percent Female MOE!!Population 16 years and over with earnings!!FULL-TIME, YEAR-ROUND WORKERS WITH EARNINGS!!$1 to $9,999 or loss"
"S2001_C02_005E","Estimate!!Percent!!Population 16 years and over with earnings!!FULL-TIME, YEAR-ROUND WORKERS WITH EARNINGS!!$10,000 to $14,999"
"S2001_C02_005M","Margin of Error!!Percent MOE!!Population 16 years and over with earnings!!FULL-TIME, YEAR-ROUND WORKERS WITH EARNINGS!!$10,000 to $14,999"
"S2001_C03_005E","Estimate!!Male!!Population 16 years and over with earnings!!FULL-TIME, YEAR-ROUND WORKERS WITH EARNINGS!!$10,000 to $14,999"
"S2001_C03_005M","Margin of Error!!Male MOE!!Population 16 years and over with earnings!!FULL-TIME, YEAR-ROUND WORKERS WITH EARNINGS!!$10,000 to $14,999"
"S2001_C04_005E","Estimate!!Percent Male!!Population 16 years and over with earnings!!FULL-TIME, YEAR-ROUND WORKERS WITH EARNINGS!!$10,000 to $14,999"
"S2001_C04_005M","Margin of Error!!Percent Male MOE!!Population 16 years and over with earnings!!FULL-TIME, YEAR-ROUND WORKERS WITH EARNINGS!!$10,000 to $14,999"
"S2001_C05_005E","Estimate!!Female!!Population 16 years and over with earnings!!FULL-TIME, YEAR-ROUND WORKERS WITH EARNINGS!!$10,000 to $14,999"
"S2001_C05_005M","Margin of Error!!Female MOE!!Population 16 years and over with earnings!!FULL-TIME, YEAR-ROUND WORKERS WITH EARNINGS!!$10,000 to $14,999"
"S2001_C06_005E","Estimate!!Percent Female!!Population 16 years and over with earnings!!FULL-TIME, YEAR-ROUND WORKERS WITH EARNINGS!!$10,000 to $14,999"
"S2001_C06_005M","Margin of Error!!Percent Female MOE!!Population 16 years and over with earnings!!FULL-TIME, YEAR-ROUND WORKERS WITH EARNINGS!!$10,000 to $14,999"
"S2001_C02_006E","Estimate!!Percent!!Population 16 years and over with earnings!!FULL-TIME, YEAR-ROUND WORKERS WITH EARNINGS!!$15,000 to $24,999"
"S2001_C02_006M","Margin of Error!!Percent MOE!!Population 16 years and over with earnings!!FULL-TIME, YEAR-ROUND WORKERS WITH EARNINGS!!$15,000 to $24,999"
"S2001_C03_006E","Estimate!!Male!!Population 16 years and over with earnings!!FULL-TIME, YEAR-ROUND WORKERS WITH EARNINGS!!$15,000 to $24,999"
"S2001_C03_006M","Margin of Error!!Male MOE!!Population 16 years and over with earnings!!FULL-TIME, YEAR-ROUND WORKERS WITH EARNINGS!!$15,000 to $24,999"
"S2001_C04_006E","Estimate!!Percent Male!!Population 16 years and over with earnings!!FULL-TIME, YEAR-ROUND WORKERS WITH EARNINGS!!$15,000 to $24,999"
"S2001_C04_006M","Margin of Error!!Percent Male MOE!!Population 16 years and over with earnings!!FULL-TIME, YEAR-ROUND WORKERS WITH EARNINGS!!$15,000 to $24,999"
"S2001_C05_006E","Estimate!!Female!!Population 16 years and over with earnings!!FULL-TIME, YEAR-ROUND WORKERS WITH EARNINGS!!$15,000 to $24,999"
"S2001_C05_006M","Margin of Error!!Female MOE!!Population 16 years and over with earnings!!FULL-TIME, YEAR-ROUND WORKERS WITH EARNINGS!!$15,000 to $24,999"
"S2001_C06_006E","Estimate!!Percent Female!!Population 16 years and over with earnings!!FULL-TIME, YEAR-ROUND WORKERS WITH EARNINGS!!$15,000 to $24,999"
"S2001_C06_006M","Margin of Error!!Percent Female MOE!!Population 16 years and over with earnings!!FULL-TIME, YEAR-ROUND WORKERS WITH EARNINGS!!$15,000 to $24,999"
"S2001_C02_007E","Estimate!!Percent!!Population 16 years and over with earnings!!FULL-TIME, YEAR-ROUND WORKERS WITH EARNINGS!!$25,000 to $34,999"
"S2001_C02_007M","Margin of Error!!Percent MOE!!Population 16 years and over with earnings!!FULL-TIME, YEAR-ROUND WORKERS WITH EARNINGS!!$25,000 to $34,999"
"S2001_C03_007E","Estimate!!Male!!Population 16 years and over with earnings!!FULL-TIME, YEAR-ROUND WORKERS WITH EARNINGS!!$25,000 to $34,999"
"S2001_C03_007M","Margin of Error!!Male MOE!!Population 16 years and over with earnings!!FULL-TIME, YEAR-ROUND WORKERS WITH EARNINGS!!$25,000 to $34,999"
"S2001_C04_007E","Estimate!!Percent Male!!Population 16 years and over with earnings!!FULL-TIME, YEAR-ROUND WORKERS WITH EARNINGS!!$25,000 to $34,999"
"S2001_C04_007M","Margin of Error!!Percent Male MOE!!Population 16 years and over with earnings!!FULL-TIME, YEAR-ROUND WORKERS WITH EARNINGS!!$25,000 to $34,999"
"S2001_C05_007E","Estimate!!Female!!Population 16 years and over with earnings!!FULL-TIME, YEAR-ROUND WORKERS WITH EARNINGS!!$25,000 to $34,999"
"S2001_C05_007M","Margin of Error!!Female MOE!!Population 16 years and over with earnings!!FULL-TIME, YEAR-ROUND WORKERS WITH EARNINGS!!$25,000 to $34,999"
"S2001_C06_007E","Estimate!!Percent Female!!Population 16 years and over with earnings!!FULL-TIME, YEAR-ROUND WORKERS WITH EARNINGS!!$25,000 to $34,999"
"S2001_C06_007M","Margin of Error!!Percent Female MOE!!Population 16 years and over with earnings!!FULL-TIME, YEAR-ROUND WORKERS WITH EARNINGS!!$25,000 to $34,999"
"S2001_C02_008E","Estimate!!Percent!!Population 16 years and over with earnings!!FULL-TIME, YEAR-ROUND WORKERS WITH EARNINGS!!$35,000 to $49,999"
"S2001_C02_008M","Margin of Error!!Percent MOE!!Population 16 years and over with earnings!!FULL-TIME, YEAR-ROUND WORKERS WITH EARNINGS!!$35,000 to $49,999"
"S2001_C03_008E","Estimate!!Male!!Population 16 years and over with earnings!!FULL-TIME, YEAR-ROUND WORKERS WITH EARNINGS!!$35,000 to $49,999"
"S2001_C03_008M","Margin of Error!!Male MOE!!Population 16 years and over with earnings!!FULL-TIME, YEAR-ROUND WORKERS WITH EARNINGS!!$35,000 to $49,999"
"S2001_C04_008E","Estimate!!Percent Male!!Population 16 years and over with earnings!!FULL-TIME, YEAR-ROUND WORKERS WITH EARNINGS!!$35,000 to $49,999"
"S2001_C04_008M","Margin of Error!!Percent Male MOE!!Population 16 years and over with earnings!!FULL-TIME, YEAR-ROUND WORKERS WITH EARNINGS!!$35,000 to $49,999"
"S2001_C05_008E","Estimate!!Female!!Population 16 years and over with earnings!!FULL-TIME, YEAR-ROUND WORKERS WITH EARNINGS!!$35,000 to $49,999"
"S2001_C05_008M","Margin of Error!!Female MOE!!Population 16 years and over with earnings!!FULL-TIME, YEAR-ROUND WORKERS WITH EARNINGS!!$35,000 to $49,999"
"S2001_C06_008E","Estimate!!Percent Female!!Population 16 years and over with earnings!!FULL-TIME, YEAR-ROUND WORKERS WITH EARNINGS!!$35,000 to $49,999"
"S2001_C06_008M","Margin of Error!!Percent Female MOE!!Population 16 years and over with earnings!!FULL-TIME, YEAR-ROUND WORKERS WITH EARNINGS!!$35,000 to $49,999"
"S2001_C02_009E","Estimate!!Percent!!Population 16 years and over with earnings!!FULL-TIME, YEAR-ROUND WORKERS WITH EARNINGS!!$50,000 to $64,999"
"S2001_C02_009M","Margin of Error!!Percent MOE!!Population 16 years and over with earnings!!FULL-TIME, YEAR-ROUND WORKERS WITH EARNINGS!!$50,000 to $64,999"
"S2001_C03_009E","Estimate!!Male!!Population 16 years and over with earnings!!FULL-TIME, YEAR-ROUND WORKERS WITH EARNINGS!!$50,000 to $64,999"
"S2001_C03_009M","Margin of Error!!Male MOE!!Population 16 years and over with earnings!!FULL-TIME, YEAR-ROUND WORKERS WITH EARNINGS!!$50,000 to $64,999"
"S2001_C04_009E","Estimate!!Percent Male!!Population 16 years and over with earnings!!FULL-TIME, YEAR-ROUND WORKERS WITH EARNINGS!!$50,000 to $64,999"
"S2001_C04_009M","Margin of Error!!Percent Male MOE!!Population 16 years and over with earnings!!FULL-TIME, YEAR-ROUND WORKERS WITH EARNINGS!!$50,000 to $64,999"
"S2001_C05_009E","Estimate!!Female!!Population 16 years and over with earnings!!FULL-TIME, YEAR-ROUND WORKERS WITH EARNINGS!!$50,000 to $64,999"
"S2001_C05_009M","Margin of Error!!Female MOE!!Population 16 years and over with earnings!!FULL-TIME, YEAR-ROUND WORKERS WITH EARNINGS!!$50,000 to $64,999"
"S2001_C06_009E","Estimate!!Percent Female!!Population 16 years and over with earnings!!FULL-TIME, YEAR-ROUND WORKERS WITH EARNINGS!!$50,000 to $64,999"
"S2001_C06_009M","Margin of Error!!Percent Female MOE!!Population 16 years and over with earnings!!FULL-TIME, YEAR-ROUND WORKERS WITH EARNINGS!!$50,000 to $64,999"
"S2001_C02_010E","Estimate!!Percent!!Population 16 years and over with earnings!!FULL-TIME, YEAR-ROUND WORKERS WITH EARNINGS!!$65,000 to $74,999"
"S2001_C02_010M","Margin of Error!!Percent MOE!!Population 16 years and over with earnings!!FULL-TIME, YEAR-ROUND WORKERS WITH EARNINGS!!$65,000 to $74,999"
"S2001_C03_010E","Estimate!!Male!!Population 16 years and over with earnings!!FULL-TIME, YEAR-ROUND WORKERS WITH EARNINGS!!$65,000 to $74,999"
"S2001_C03_010M","Margin of Error!!Male MOE!!Population 16 years and over with earnings!!FULL-TIME, YEAR-ROUND WORKERS WITH EARNINGS!!$65,000 to $74,999"
"S2001_C04_010E","Estimate!!Percent Male!!Population 16 years and over with earnings!!FULL-TIME, YEAR-ROUND WORKERS WITH EARNINGS!!$65,000 to $74,999"
"S2001_C04_010M","Margin of Error!!Percent Male MOE!!Population 16 years and over with earnings!!FULL-TIME, YEAR-ROUND WORKERS WITH EARNINGS!!$65,000 to $74,999"
"S2001_C05_010E","Estimate!!Female!!Population 16 years and over with earnings!!FULL-TIME, YEAR-ROUND WORKERS WITH EARNINGS!!$65,000 to $74,999"
"S2001_C05_010M","Margin of Error!!Female MOE!!Population 16 years and over with earnings!!FULL-TIME, YEAR-ROUND WORKERS WITH EARNINGS!!$65,000 to $74,999"
"S2001_C06_010E","Estimate!!Percent Female!!Population 16 years and over with earnings!!FULL-TIME, YEAR-ROUND WORKERS WITH EARNINGS!!$65,000 to $74,999"
"S2001_C06_010M","Margin of Error!!Percent Female MOE!!Population 16 years and over with earnings!!FULL-TIME, YEAR-ROUND WORKERS WITH EARNINGS!!$65,000 to $74,999"
"S2001_C02_011E","Estimate!!Percent!!Population 16 years and over with earnings!!FULL-TIME, YEAR-ROUND WORKERS WITH EARNINGS!!$75,000 to $99,999"
"S2001_C02_011M","Margin of Error!!Percent MOE!!Population 16 years and over with earnings!!FULL-TIME, YEAR-ROUND WORKERS WITH EARNINGS!!$75,000 to $99,999"
"S2001_C03_011E","Estimate!!Male!!Population 16 years and over with earnings!!FULL-TIME, YEAR-ROUND WORKERS WITH EARNINGS!!$75,000 to $99,999"
"S2001_C03_011M","Margin of Error!!Male MOE!!Population 16 years and over with earnings!!FULL-TIME, YEAR-ROUND WORKERS WITH EARNINGS!!$75,000 to $99,999"
"S2001_C04_011E","Estimate!!Percent Male!!Population 16 years and over with earnings!!FULL-TIME, YEAR-ROUND WORKERS WITH EARNINGS!!$75,000 to $99,999"
"S2001_C04_011M","Margin of Error!!Percent Male MOE!!Population 16 years and over with earnings!!FULL-TIME, YEAR-ROUND WORKERS WITH EARNINGS!!$75,000 to $99,999"
"S2001_C05_011E","Estimate!!Female!!Population 16 years and over with earnings!!FULL-TIME, YEAR-ROUND WORKERS WITH EARNINGS!!$75,000 to $99,999"
"S2001_C05_011M","Margin of Error!!Female MOE!!Population 16 years and over with earnings!!FULL-TIME, YEAR-ROUND WORKERS WITH EARNINGS!!$75,000 to $99,999"
"S2001_C06_011E","Estimate!!Percent Female!!Population 16 years and over with earnings!!FULL-TIME, YEAR-ROUND WORKERS WITH EARNINGS!!$75,000 to $99,999"
"S2001_C06_011M","Margin of Error!!Percent Female MOE!!Population 16 years and over with earnings!!FULL-TIME, YEAR-ROUND WORKERS WITH EARNINGS!!$75,000 to $99,999"
"S2001_C02_012E","Estimate!!Percent!!Population 16 years and over with earnings!!FULL-TIME, YEAR-ROUND WORKERS WITH EARNINGS!!$100,000 or more"
"S2001_C02_012M","Margin of Error!!Percent MOE!!Population 16 years and over with earnings!!FULL-TIME, YEAR-ROUND WORKERS WITH EARNINGS!!$100,000 or more"
"S2001_C03_012E","Estimate!!Male!!Population 16 years and over with earnings!!FULL-TIME, YEAR-ROUND WORKERS WITH EARNINGS!!$100,000 or more"
"S2001_C03_012M","Margin of Error!!Male MOE!!Population 16 years and over with earnings!!FULL-TIME, YEAR-ROUND WORKERS WITH EARNINGS!!$100,000 or more"
"S2001_C04_012E","Estimate!!Percent Male!!Population 16 years and over with earnings!!FULL-TIME, YEAR-ROUND WORKERS WITH EARNINGS!!$100,000 or more"
"S2001_C04_012M","Margin of Error!!Percent Male MOE!!Population 16 years and over with earnings!!FULL-TIME, YEAR-ROUND WORKERS WITH EARNINGS!!$100,000 or more"
"S2001_C05_012E","Estimate!!Female!!Population 16 years and over with earnings!!FULL-TIME, YEAR-ROUND WORKERS WITH EARNINGS!!$100,000 or more"
"S2001_C05_012M","Margin of Error!!Female MOE!!Population 16 years and over with earnings!!FULL-TIME, YEAR-ROUND WORKERS WITH EARNINGS!!$100,000 or more"
"S2001_C06_012E","Estimate!!Percent Female!!Population 16 years and over with earnings!!FULL-TIME, YEAR-ROUND WORKERS WITH EARNINGS!!$100,000 or more"
"S2001_C06_012M","Margin of Error!!Percent Female MOE!!Population 16 years and over with earnings!!FULL-TIME, YEAR-ROUND WORKERS WITH EARNINGS!!$100,000 or more"
"S2001_C02_013E","Estimate!!Percent!!Population 16 years and over with earnings!!FULL-TIME, YEAR-ROUND WORKERS WITH EARNINGS!!Median earnings (dollars) for full-time, year-round workers with earnings"
"S2001_C02_013M","Margin of Error!!Percent MOE!!Population 16 years and over with earnings!!FULL-TIME, YEAR-ROUND WORKERS WITH EARNINGS!!Median earnings (dollars) for full-time, year-round workers with earnings"
"S2001_C03_013E","Estimate!!Male!!Population 16 years and over with earnings!!FULL-TIME, YEAR-ROUND WORKERS WITH EARNINGS!!Median earnings (dollars) for full-time, year-round workers with earnings"
"S2001_C03_013M","Margin of Error!!Male MOE!!Population 16 years and over with earnings!!FULL-TIME, YEAR-ROUND WORKERS WITH EARNINGS!!Median earnings (dollars) for full-time, year-round workers with earnings"
"S2001_C04_013E","Estimate!!Percent Male!!Population 16 years and over with earnings!!FULL-TIME, YEAR-ROUND WORKERS WITH EARNINGS!!Median earnings (dollars) for full-time, year-round workers with earnings"
"S2001_C04_013M","Margin of Error!!Percent Male MOE!!Population 16 years and over with earnings!!FULL-TIME, YEAR-ROUND WORKERS WITH EARNINGS!!Median earnings (dollars) for full-time, year-round workers with earnings"
"S2001_C05_013E","Estimate!!Female!!Population 16 years and over with earnings!!FULL-TIME, YEAR-ROUND WORKERS WITH EARNINGS!!Median earnings (dollars) for full-time, year-round workers with earnings"
"S2001_C05_013M","Margin of Error!!Female MOE!!Population 16 years and over with earnings!!FULL-TIME, YEAR-ROUND WORKERS WITH EARNINGS!!Median earnings (dollars) for full-time, year-round workers with earnings"
"S2001_C06_013E","Estimate!!Percent Female!!Population 16 years and over with earnings!!FULL-TIME, YEAR-ROUND WORKERS WITH EARNINGS!!Median earnings (dollars) for full-time, year-round workers with earnings"
"S2001_C06_013M","Margin of Error!!Percent Female MOE!!Population 16 years and over with earnings!!FULL-TIME, YEAR-ROUND WORKERS WITH EARNINGS!!Median earnings (dollars) for full-time, year-round workers with earnings"
"S2001_C02_014E","Estimate!!Percent!!Population 16 years and over with earnings!!FULL-TIME, YEAR-ROUND WORKERS WITH EARNINGS!!Mean earnings (dollars) for full-time, year-round workers with earnings"
"S2001_C02_014M","Margin of Error!!Percent MOE!!Population 16 years and over with earnings!!FULL-TIME, YEAR-ROUND WORKERS WITH EARNINGS!!Mean earnings (dollars) for full-time, year-round workers with earnings"
"S2001_C03_014E","Estimate!!Male!!Population 16 years and over with earnings!!FULL-TIME, YEAR-ROUND WORKERS WITH EARNINGS!!Mean earnings (dollars) for full-time, year-round workers with earnings"
"S2001_C03_014M","Margin of Error!!Male MOE!!Population 16 years and over with earnings!!FULL-TIME, YEAR-ROUND WORKERS WITH EARNINGS!!Mean earnings (dollars) for full-time, year-round workers with earnings"
"S2001_C04_014E","Estimate!!Percent Male!!Population 16 years and over with earnings!!FULL-TIME, YEAR-ROUND WORKERS WITH EARNINGS!!Mean earnings (dollars) for full-time, year-round workers with earnings"
"S2001_C04_014M","Margin of Error!!Percent Male MOE!!Population 16 years and over with earnings!!FULL-TIME, YEAR-ROUND WORKERS WITH EARNINGS!!Mean earnings (dollars) for full-time, year-round workers with earnings"
"S2001_C05_014E","Estimate!!Female!!Population 16 years and over with earnings!!FULL-TIME, YEAR-ROUND WORKERS WITH EARNINGS!!Mean earnings (dollars) for full-time, year-round workers with earnings"
"S2001_C05_014M","Margin of Error!!Female MOE!!Population 16 years and over with earnings!!FULL-TIME, YEAR-ROUND WORKERS WITH EARNINGS!!Mean earnings (dollars) for full-time, year-round workers with earnings"
"S2001_C06_014E","Estimate!!Percent Female!!Population 16 years and over with earnings!!FULL-TIME, YEAR-ROUND WORKERS WITH EARNINGS!!Mean earnings (dollars) for full-time, year-round workers with earnings"
"S2001_C06_014M","Margin of Error!!Percent Female MOE!!Population 16 years and over with earnings!!FULL-TIME, YEAR-ROUND WORKERS WITH EARNINGS!!Mean earnings (dollars) for full-time, year-round workers with earnings"
"S2001_C02_015E","Estimate!!Percent!!MEDIAN EARNINGS BY EDUCATIONAL ATTAINMENT!!Population 25 years and over with earnings"
"S2001_C02_015M","Margin of Error!!Percent MOE!!MEDIAN EARNINGS BY EDUCATIONAL ATTAINMENT!!Population 25 years and over with earnings"
"S2001_C03_015E","Estimate!!Male!!MEDIAN EARNINGS BY EDUCATIONAL ATTAINMENT!!Population 25 years and over with earnings"
"S2001_C03_015M","Margin of Error!!Male MOE!!MEDIAN EARNINGS BY EDUCATIONAL ATTAINMENT!!Population 25 years and over with earnings"
"S2001_C04_015E","Estimate!!Percent Male!!MEDIAN EARNINGS BY EDUCATIONAL ATTAINMENT!!Population 25 years and over with earnings"
"S2001_C04_015M","Margin of Error!!Percent Male MOE!!MEDIAN EARNINGS BY EDUCATIONAL ATTAINMENT!!Population 25 years and over with earnings"
"S2001_C05_015E","Estimate!!Female!!MEDIAN EARNINGS BY EDUCATIONAL ATTAINMENT!!Population 25 years and over with earnings"
"S2001_C05_015M","Margin of Error!!Female MOE!!MEDIAN EARNINGS BY EDUCATIONAL ATTAINMENT!!Population 25 years and over with earnings"
"S2001_C06_015E","Estimate!!Percent Female!!MEDIAN EARNINGS BY EDUCATIONAL ATTAINMENT!!Population 25 years and over with earnings"
"S2001_C06_015M","Margin of Error!!Percent Female MOE!!MEDIAN EARNINGS BY EDUCATIONAL ATTAINMENT!!Population 25 years and over with earnings"
"S2001_C02_016E","Estimate!!Percent!!MEDIAN EARNINGS BY EDUCATIONAL ATTAINMENT!!Population 25 years and over with earnings!!Less than high school graduate"
"S2001_C02_016M","Margin of Error!!Percent MOE!!MEDIAN EARNINGS BY EDUCATIONAL ATTAINMENT!!Population 25 years and over with earnings!!Less than high school graduate"
"S2001_C03_016E","Estimate!!Male!!MEDIAN EARNINGS BY EDUCATIONAL ATTAINMENT!!Population 25 years and over with earnings!!Less than high school graduate"
"S2001_C03_016M","Margin of Error!!Male MOE!!MEDIAN EARNINGS BY EDUCATIONAL ATTAINMENT!!Population 25 years and over with earnings!!Less than high school graduate"
"S2001_C04_016E","Estimate!!Percent Male!!MEDIAN EARNINGS BY EDUCATIONAL ATTAINMENT!!Population 25 years and over with earnings!!Less than high school graduate"
"S2001_C04_016M","Margin of Error!!Percent Male MOE!!MEDIAN EARNINGS BY EDUCATIONAL ATTAINMENT!!Population 25 years and over with earnings!!Less than high school graduate"
"S2001_C05_016E","Estimate!!Female!!MEDIAN EARNINGS BY EDUCATIONAL ATTAINMENT!!Population 25 years and over with earnings!!Less than high school graduate"
"S2001_C05_016M","Margin of Error!!Female MOE!!MEDIAN EARNINGS BY EDUCATIONAL ATTAINMENT!!Population 25 years and over with earnings!!Less than high school graduate"
"S2001_C06_016E","Estimate!!Percent Female!!MEDIAN EARNINGS BY EDUCATIONAL ATTAINMENT!!Population 25 years and over with earnings!!Less than high school graduate"
"S2001_C06_016M","Margin of Error!!Percent Female MOE!!MEDIAN EARNINGS BY EDUCATIONAL ATTAINMENT!!Population 25 years and over with earnings!!Less than high school graduate"
"S2001_C02_017E","Estimate!!Percent!!MEDIAN EARNINGS BY EDUCATIONAL ATTAINMENT!!Population 25 years and over with earnings!!High school graduate (includes equivalency)"
"S2001_C02_017M","Margin of Error!!Percent MOE!!MEDIAN EARNINGS BY EDUCATIONAL ATTAINMENT!!Population 25 years and over with earnings!!High school graduate (includes equivalency)"
"S2001_C03_017E","Estimate!!Male!!MEDIAN EARNINGS BY EDUCATIONAL ATTAINMENT!!Population 25 years and over with earnings!!High school graduate (includes equivalency)"
"S2001_C03_017M","Margin of Error!!Male MOE!!MEDIAN EARNINGS BY EDUCATIONAL ATTAINMENT!!Population 25 years and over with earnings!!High school graduate (includes equivalency)"
"S2001_C04_017E","Estimate!!Percent Male!!MEDIAN EARNINGS BY EDUCATIONAL ATTAINMENT!!Population 25 years and over with earnings!!High school graduate (includes equivalency)"
"S2001_C04_017M","Margin of Error!!Percent Male MOE!!MEDIAN EARNINGS BY EDUCATIONAL ATTAINMENT!!Population 25 years and over with earnings!!High school graduate (includes equivalency)"
"S2001_C05_017E","Estimate!!Female!!MEDIAN EARNINGS BY EDUCATIONAL ATTAINMENT!!Population 25 years and over with earnings!!High school graduate (includes equivalency)"
"S2001_C05_017M","Margin of Error!!Female MOE!!MEDIAN EARNINGS BY EDUCATIONAL ATTAINMENT!!Population 25 years and over with earnings!!High school graduate (includes equivalency)"
"S2001_C06_017E","Estimate!!Percent Female!!MEDIAN EARNINGS BY EDUCATIONAL ATTAINMENT!!Population 25 years and over with earnings!!High school graduate (includes equivalency)"
"S2001_C06_017M","Margin of Error!!Percent Female MOE!!MEDIAN EARNINGS BY EDUCATIONAL ATTAINMENT!!Population 25 years and over with earnings!!High school graduate (includes equivalency)"
"S2001_C02_018E","Estimate!!Percent!!MEDIAN EARNINGS BY EDUCATIONAL ATTAINMENT!!Population 25 years and over with earnings!!Some college or associate's degree"
"S2001_C02_018M","Margin of Error!!Percent MOE!!MEDIAN EARNINGS BY EDUCATIONAL ATTAINMENT!!Population 25 years and over with earnings!!Some college or associate's degree"
"S2001_C03_018E","Estimate!!Male!!MEDIAN EARNINGS BY EDUCATIONAL ATTAINMENT!!Population 25 years and over with earnings!!Some college or associate's degree"
"S2001_C03_018M","Margin of Error!!Male MOE!!MEDIAN EARNINGS BY EDUCATIONAL ATTAINMENT!!Population 25 years and over with earnings!!Some college or associate's degree"
"S2001_C04_018E","Estimate!!Percent Male!!MEDIAN EARNINGS BY EDUCATIONAL ATTAINMENT!!Population 25 years and over with earnings!!Some college or associate's degree"
"S2001_C04_018M","Margin of Error!!Percent Male MOE!!MEDIAN EARNINGS BY EDUCATIONAL ATTAINMENT!!Population 25 years and over with earnings!!Some college or associate's degree"
"S2001_C05_018E","Estimate!!Female!!MEDIAN EARNINGS BY EDUCATIONAL ATTAINMENT!!Population 25 years and over with earnings!!Some college or associate's degree"
"S2001_C05_018M","Margin of Error!!Female MOE!!MEDIAN EARNINGS BY EDUCATIONAL ATTAINMENT!!Population 25 years and over with earnings!!Some college or associate's degree"
"S2001_C06_018E","Estimate!!Percent Female!!MEDIAN EARNINGS BY EDUCATIONAL ATTAINMENT!!Population 25 years and over with earnings!!Some college or associate's degree"
"S2001_C06_018M","Margin of Error!!Percent Female MOE!!MEDIAN EARNINGS BY EDUCATIONAL ATTAINMENT!!Population 25 years and over with earnings!!Some college or associate's degree"
"S2001_C02_019E","Estimate!!Percent!!MEDIAN EARNINGS BY EDUCATIONAL ATTAINMENT!!Population 25 years and over with earnings!!Bachelor's degree"
"S2001_C02_019M","Margin of Error!!Percent MOE!!MEDIAN EARNINGS BY EDUCATIONAL ATTAINMENT!!Population 25 years and over with earnings!!Bachelor's degree"
"S2001_C03_019E","Estimate!!Male!!MEDIAN EARNINGS BY EDUCATIONAL ATTAINMENT!!Population 25 years and over with earnings!!Bachelor's degree"
"S2001_C03_019M","Margin of Error!!Male MOE!!MEDIAN EARNINGS BY EDUCATIONAL ATTAINMENT!!Population 25 years and over with earnings!!Bachelor's degree"
"S2001_C04_019E","Estimate!!Percent Male!!MEDIAN EARNINGS BY EDUCATIONAL ATTAINMENT!!Population 25 years and over with earnings!!Bachelor's degree"
"S2001_C04_019M","Margin of Error!!Percent Male MOE!!MEDIAN EARNINGS BY EDUCATIONAL ATTAINMENT!!Population 25 years and over with earnings!!Bachelor's degree"
"S2001_C05_019E","Estimate!!Female!!MEDIAN EARNINGS BY EDUCATIONAL ATTAINMENT!!Population 25 years and over with earnings!!Bachelor's degree"
"S2001_C05_019M","Margin of Error!!Female MOE!!MEDIAN EARNINGS BY EDUCATIONAL ATTAINMENT!!Population 25 years and over with earnings!!Bachelor's degree"
"S2001_C06_019E","Estimate!!Percent Female!!MEDIAN EARNINGS BY EDUCATIONAL ATTAINMENT!!Population 25 years and over with earnings!!Bachelor's degree"
"S2001_C06_019M","Margin of Error!!Percent Female MOE!!MEDIAN EARNINGS BY EDUCATIONAL ATTAINMENT!!Population 25 years and over with earnings!!Bachelor's degree"
"S2001_C02_020E","Estimate!!Percent!!MEDIAN EARNINGS BY EDUCATIONAL ATTAINMENT!!Population 25 years and over with earnings!!Graduate or professional degree"
"S2001_C02_020M","Margin of Error!!Percent MOE!!MEDIAN EARNINGS BY EDUCATIONAL ATTAINMENT!!Population 25 years and over with earnings!!Graduate or professional degree"
"S2001_C03_020E","Estimate!!Male!!MEDIAN EARNINGS BY EDUCATIONAL ATTAINMENT!!Population 25 years and over with earnings!!Graduate or professional degree"
"S2001_C03_020M","Margin of Error!!Male MOE!!MEDIAN EARNINGS BY EDUCATIONAL ATTAINMENT!!Population 25 years and over with earnings!!Graduate or professional degree"
"S2001_C04_020E","Estimate!!Percent Male!!MEDIAN EARNINGS BY EDUCATIONAL ATTAINMENT!!Population 25 years and over with earnings!!Graduate or professional degree"
"S2001_C04_020M","Margin of Error!!Percent Male MOE!!MEDIAN EARNINGS BY EDUCATIONAL ATTAINMENT!!Population 25 years and over with earnings!!Graduate or professional degree"
"S2001_C05_020E","Estimate!!Female!!MEDIAN EARNINGS BY EDUCATIONAL ATTAINMENT!!Population 25 years and over with earnings!!Graduate or professional degree"
"S2001_C05_020M","Margin of Error!!Female MOE!!MEDIAN EARNINGS BY EDUCATIONAL ATTAINMENT!!Population 25 years and over with earnings!!Graduate or professional degree"
"S2001_C06_020E","Estimate!!Percent Female!!MEDIAN EARNINGS BY EDUCATIONAL ATTAINMENT!!Population 25 years and over with earnings!!Graduate or professional degree"
"S2001_C06_020M","Margin of Error!!Percent Female MOE!!MEDIAN EARNINGS BY EDUCATIONAL ATTAINMENT!!Population 25 years and over with earnings!!Graduate or professional degree"
