"Column Name","Label"
"GEO_ID","Geography"
"NAME","Geographic Area Name"
"S2001_C01_001E","Total!!Estimate!!Population 16 years and over with earnings"
"S2001_C01_001M","Total!!Margin of Error!!Population 16 years and over with earnings"
"S2001_C02_001E","Male!!Estimate!!Population 16 years and over with earnings"
"S2001_C02_001M","Male!!Margin of Error!!Population 16 years and over with earnings"
"S2001_C03_001E","Female!!Estimate!!Population 16 years and over with earnings"
"S2001_C03_001M","Female!!Margin of Error!!Population 16 years and over with earnings"
"S2001_C01_002E","Total!!Estimate!!Median earnings (dollars)"
"S2001_C01_002M","Total!!Margin of Error!!Median earnings (dollars)"
"S2001_C02_002E","Male!!Estimate!!Median earnings (dollars)"
"S2001_C02_002M","Male!!Margin of Error!!Median earnings (dollars)"
"S2001_C03_002E","Female!!Estimate!!Median earnings (dollars)"
"S2001_C03_002M","Female!!Margin of Error!!Median earnings (dollars)"
"S2001_C01_003E","Total!!Estimate!!Full-time, year-round workers with earnings"
"S2001_C01_003M","Total!!Margin of Error!!Full-time, year-round workers with earnings"
"S2001_C02_003E","Male!!Estimate!!Full-time, year-round workers with earnings"
"S2001_C02_003M","Male!!Margin of Error!!Full-time, year-round workers with earnings"
"S2001_C03_003E","Female!!Estimate!!Full-time, year-round workers with earnings"
"S2001_C03_003M","Female!!Margin of Error!!Full-time, year-round workers with earnings"
"S2001_C01_004E","Total!!Estimate!!Full-time, year-round workers with earnings!!$1 to $9,999 or loss"
"S2001_C01_004M","Total!!Margin of Error!!Full-time, year-round workers with earnings!!$1 to $9,999 or loss"
"S2001_C02_004E","Male!!Estimate!!Full-time, year-round workers with earnings!!$1 to $9,999 or loss"
"S2001_C02_004M","Male!!Margin of Error!!Full-time, year-round workers with earnings!!$1 to $9,999 or loss"
"S2001_C03_004E","Female!!Estimate!!Full-time, year-round workers with earnings!!$1 to $9,999 or loss"
"S2001_C03_004M","Female!!Margin of Error!!Full-time, year-round workers with earnings!!$1 to $9,999 or loss"
"S2001_C01_005E","Total!!Estimate!!Full-time, year-round workers with earnings!!$10,000 to $14,999"
"S2001_C01_005M","Total!!Margin of Error!!Full-time, year-round workers with earnings!!$10,000 to $14,999"
"S2001_C02_005E","Male!!Estimate!!Full-time, year-round workers with earnings!!$10,000 to $14,999"
"S2001_C02_005M","Male!!Margin of Error!!Full-time, year-round workers with earnings!!$10,000 to $14,999"
"S2001_C03_005E","Female!!Estimate!!Full-time, year-round workers with earnings!!$10,000 to $14,999"
"S2001_C03_005M","Female!!Margin of Error!!Full-time, year-round workers with earnings!!$10,000 to $14,999"
"S2001_C01_006E","Total!!Estimate!!Full-time, year-round workers with earnings!!$15,000 to $24,999"
"S2001_C01_006M","Total!!Margin of Error!!Full-time, year-round workers with earnings!!$15,000 to $24,999"
"S2001_C02_006E","Male!!Estimate!!Full-time, year-round workers with earnings!!$15,000 to $24,999"
"S2001_C02_006M","Male!!Margin of Error!!Full-time, year-round workers with earnings!!$15,000 to $24,999"
"S2001_C03_006E","Female!!Estimate!!Full-time, year-round workers with earnings!!$15,000 to $24,999"
"S2001_C03_006M","Female!!Margin of Error!!Full-time, year-round workers with earnings!!$15,000 to $24,999"
"S2001_C01_007E","Total!!Estimate!!Full-time, year-round workers with earnings!!$25,000 to $34,999"
"S2001_C01_007M","Total!!Margin of Error!!Full-time, year-round workers with earnings!!$25,000 to $34,999"
"S2001_C02_007E","Male!!Estimate!!Full-time, year-round workers with earnings!!$25,000 to $34,999"
"S2001_C02_007M","Male!!Margin of Error!!Full-time, year-round workers with earnings!!$25,000 to $34,999"
"S2001_C03_007E","Female!!Estimate!!Full-time, year-round workers with earnings!!$25,000 to $34,999"
"S2001_C03_007M","Female!!Margin of Error!!Full-time, year-round workers with earnings!!$25,000 to $34,999"
"S2001_C01_008E","Total!!Estimate!!Full-time, year-round workers with earnings!!$35,000 to $49,999"
"S2001_C01_008M","Total!!Margin of Error!!Full-time, year-round workers with earnings!!$35,000 to $49,999"
"S2001_C02_008E","Male!!Estimate!!Full-time, year-round workers with earnings!!$35,000 to $49,999"
"S2001_C02_008M","Male!!Margin of Error!!Full-time, year-round workers with earnings!!$35,000 to $49,999"
"S2001_C03_008E","Female!!Estimate!!Full-time, year-round workers with earnings!!$35,000 to $49,999"
"S2001_C03_008M","Female!!Margin of Error!!Full-time, year-round workers with earnings!!$35,000 to $49,999"
"S2001_C01_009E","Total!!Estimate!!Full-time, year-round workers with earnings!!$50,000 to $64,999"
"S2001_C01_009M","Total!!Margin of Error!!Full-time, year-round workers with earnings!!$50,000 to $64,999"
"S2001_C02_009E","Male!!Estimate!!Full-time, year-round workers with earnings!!$50,000 to $64,999"
"S2001_C02_009M","Male!!Margin of Error!!Full-time, year-round workers with earnings!!$50,000 to $64,999"
"S2001_C03_009E","Female!!Estimate!!Full-time, year-round workers with earnings!!$50,000 to $64,999"
"S2001_C03_009M","Female!!Margin of Error!!Full-time, year-round workers with earnings!!$50,000 to $64,999"
"S2001_C01_010E","Total!!Estimate!!Full-time, year-round workers with earnings!!$65,000 to $74,999"
"S2001_C01_010M","Total!!Margin of Error!!Full-time, year-round workers with earnings!!$65,000 to $74,999"
"S2001_C02_010E","Male!!Estimate!!Full-time, year-round workers with earnings!!$65,000 to $74,999"
"S2001_C02_010M","Male!!Margin of Error!!Full-time, year-round workers with earnings!!$65,000 to $74,999"
"S2001_C03_010E","Female!!Estimate!!Full-time, year-round workers with earnings!!$65,000 to $74,999"
"S2001_C03_010M","Female!!Margin of Error!!Full-time, year-round workers with earnings!!$65,000 to $74,999"
"S2001_C01_011E","Total!!Estimate!!Full-time, year-round workers with earnings!!$75,000 to $99,999"
"S2001_C01_011M","Total!!Margin of Error!!Full-time, year-round workers with earnings!!$75,000 to $99,999"
"S2001_C02_011E","Male!!Estimate!!Full-time, year-round workers with earnings!!$75,000 to $99,999"
"S2001_C02_011M","Male!!Margin of Error!!Full-time, year-round workers with earnings!!$75,000 to $99,999"
"S2001_C03_011E","Female!!Estimate!!Full-time, year-round workers with earnings!!$75,000 to $99,999"
"S2001_C03_011M","Female!!Margin of Error!!Full-time, year-round workers with earnings!!$75,000 to $99,999"
"S2001_C01_012E","Total!!Estimate!!Full-time, year-round workers with earnings!!$100,000 or more"
"S2001_C01_012M","Total!!Margin of Error!!Full-time, year-round workers with earnings!!$100,000 or more"
"S2001_C02_012E","Male!!Estimate!!Full-time, year-round workers with earnings!!$100,000 or more"
"S2001_C02_012M","Male!!Margin of Error!!Full-time, year-round workers with earnings!!$100,000 or more"
"S2001_C03_012E","Female!!Estimate!!Full-time, year-round workers with earnings!!$100,000 or more"
"S2001_C03_012M","Female!!Margin of Error!!Full-time, year-round workers with earnings!!$100,000 or more"
"S2001_C01_013E","Total!!Estimate!!Median earnings (dollars)"
"S2001_C01_013M","Total!!Margin of Error!!Median earnings (dollars)"
"S2001_C02_013E","Male!!Estimate!!Median earnings (dollars)"
"S2001_C02_013M","Male!!Margin of Error!!Median earnings (dollars)"
"S2001_C03_013E","Female!!Estimate!!Median earnings (dollars)"
"S2001_C03_013M","Female!!Margin of Error!!Median earnings (dollars)"
"S2001_C01_014E","Total!!Estimate!!Mean earnings (dollars)"
"S2001_C01_014M","Total!!Margin of Error!!Mean earnings (dollars)"
"S2001_C02_014E","Male!!Estimate!!Mean earnings (dollars)"
"S2001_C02_014M","Male!!Margin of Error!!Mean earnings (dollars)"
"S2001_C03_014E","Female!!Estimate!!Mean earnings (dollars)"
"S2001_C03_014M","Female!!Margin of Error!!Mean earnings (dollars)"
"S2001_C01_015E","Total!!Estimate!!MEDIAN EARNINGS BY EDUCATIONAL ATTAINMENT!!Population 25 years and over with earnings"
"S2001_C01_015M","Total!!Margin of Error!!MEDIAN EARNINGS BY EDUCATIONAL ATTAINMENT!!Population 25 years and over with earnings"
"S2001_C02_015E","Male!!Estimate!!MEDIAN EARNINGS BY EDUCATIONAL ATTAINMENT!!Population 25 years and over with earnings"
"S2001_C02_015M","Male!!Margin of Error!!MEDIAN EARNINGS BY EDUCATIONAL ATTAINMENT!!Population 25 years and over with earnings"
"S2001_C03_015E","Female!!Estimate!!MEDIAN EARNINGS BY EDUCATIONAL ATTAINMENT!!Population 25 years and over with earnings"
"S2001_C03_015M","Female!!Margin of Error!!MEDIAN EARNINGS BY EDUCATIONAL ATTAINMENT!!Population 25 years and over with earnings"
"S2001_C01_016E","Total!!Estimate!!MEDIAN EARNINGS BY EDUCATIONAL ATTAINMENT!!Population 25 years and over with earnings!!Less than high school graduate"
"S2001_C01_016M","Total!!Margin of Error!!MEDIAN EARNINGS BY EDUCATIONAL ATTAINMENT!!Population 25 years and over with earnings!!Less than high school graduate"
"S2001_C02_016E","Male!!Estimate!!MEDIAN EARNINGS BY EDUCATIONAL ATTAINMENT!!Population 25 years and over with earnings!!Less than high school graduate"
"S2001_C02_016M","Male!!Margin of Error!!MEDIAN EARNINGS BY EDUCATIONAL ATTAINMENT!!Population 25 years and over with earnings!!Less than high school graduate"
"S2001_C03_016E","Female!!Estimate!!MEDIAN EARNINGS BY EDUCATIONAL ATTAINMENT!!Population 25 years and over with earnings!!Less than high school graduate"
"S2001_C03_016M","Female!!Margin of Error!!MEDIAN EARNINGS BY EDUCATIONAL ATTAINMENT!!Population 25 years and over with earnings!!Less than high school graduate"
"S2001_C01_017E","Total!!Estimate!!MEDIAN EARNINGS BY EDUCATIONAL ATTAINMENT!!Population 25 years and over with earnings!!High school graduate (includes equivalency)"
"S2001_C01_017M","Total!!Margin of Error!!MEDIAN EARNINGS BY EDUCATIONAL ATTAINMENT!!Population 25 years and over with earnings!!High school graduate (includes equivalency)"
"S2001_C02_017E","Male!!Estimate!!MEDIAN EARNINGS BY EDUCATIONAL ATTAINMENT!!Population 25 years and over with earnings!!High school graduate (includes equivalency)"
"S2001_C02_017M","Male!!Margin of Error!!MEDIAN EARNINGS BY EDUCATIONAL ATTAINMENT!!Population 25 years and over with earnings!!High school graduate (includes equivalency)"
"S2001_C03_017E","Female!!Estimate!!MEDIAN EARNINGS BY EDUCATIONAL ATTAINMENT!!Population 25 years and over with earnings!!High school graduate (includes equivalency)"
"S2001_C03_017M","Female!!Margin of Error!!MEDIAN EARNINGS BY EDUCATIONAL ATTAINMENT!!Population 25 years and over with earnings!!High school graduate (includes equivalency)"
"S2001_C01_018E","Total!!Estimate!!MEDIAN EARNINGS BY EDUCATIONAL ATTAINMENT!!Population 25 years and over with earnings!!Some college or associate's degree"
"S2001_C01_018M","Total!!Margin of Error!!MEDIAN EARNINGS BY EDUCATIONAL ATTAINMENT!!Population 25 years and over with earnings!!Some college or associate's degree"
"S2001_C02_018E","Male!!Estimate!!MEDIAN EARNINGS BY EDUCATIONAL ATTAINMENT!!Population 25 years and over with earnings!!Some college or associate's degree"
"S2001_C02_018M","Male!!Margin of Error!!MEDIAN EARNINGS BY EDUCATIONAL ATTAINMENT!!Population 25 years and over with earnings!!Some college or associate's degree"
"S2001_C03_018E","Female!!Estimate!!MEDIAN EARNINGS BY EDUCATIONAL ATTAINMENT!!Population 25 years and over with earnings!!Some college or associate's degree"
"S2001_C03_018M","Female!!Margin of Error!!MEDIAN EARNINGS BY EDUCATIONAL ATTAINMENT!!Population 25 years and over with earnings!!Some college or associate's degree"
"S2001_C01_019E","Total!!Estimate!!MEDIAN EARNINGS BY EDUCATIONAL ATTAINMENT!!Population 25 years and over with earnings!!Bachelor's degree"
"S2001_C01_019M","Total!!Margin of Error!!MEDIAN EARNINGS BY EDUCATIONAL ATTAINMENT!!Population 25 years and over with earnings!!Bachelor's degree"
"S2001_C02_019E","Male!!Estimate!!MEDIAN EARNINGS BY EDUCATIONAL ATTAINMENT!!Population 25 years and over with earnings!!Bachelor's degree"
"S2001_C02_019M","Male!!Margin of Error!!MEDIAN EARNINGS BY EDUCATIONAL ATTAINMENT!!Population 25 years and over with earnings!!Bachelor's degree"
"S2001_C03_019E","Female!!Estimate!!MEDIAN EARNINGS BY EDUCATIONAL ATTAINMENT!!Population 25 years and over with earnings!!Bachelor's degree"
"S2001_C03_019M","Female!!Margin of Error!!MEDIAN EARNINGS BY EDUCATIONAL ATTAINMENT!!Population 25 years and over with earnings!!Bachelor's degree"
"S2001_C01_020E","Total!!Estimate!!MEDIAN EARNINGS BY EDUCATIONAL ATTAINMENT!!Population 25 years and over with earnings!!Graduate or professional degree"
"S2001_C01_020M","Total!!Margin of Error!!MEDIAN EARNINGS BY EDUCATIONAL ATTAINMENT!!Population 25 years and over with earnings!!Graduate or professional degree"
"S2001_C02_020E","Male!!Estimate!!MEDIAN EARNINGS BY EDUCATIONAL ATTAINMENT!!Population 25 years and over with earnings!!Graduate or professional degree"
"S2001_C02_020M","Male!!Margin of Error!!MEDIAN EARNINGS BY EDUCATIONAL ATTAINMENT!!Population 25 years and over with earnings!!Graduate or professional degree"
"S2001_C03_020E","Female!!Estimate!!MEDIAN EARNINGS BY EDUCATIONAL ATTAINMENT!!Population 25 years and over with earnings!!Graduate or professional degree"
"S2001_C03_020M","Female!!Margin of Error!!MEDIAN EARNINGS BY EDUCATIONAL ATTAINMENT!!Population 25 years and over with earnings!!Graduate or professional degree"
"S2001_C01_021E","Total!!Estimate!!PERCENT ALLOCATED!!Earnings in the past 12 months"
"S2001_C01_021M","Total!!Margin of Error!!PERCENT ALLOCATED!!Earnings in the past 12 months"
"S2001_C02_021E","Male!!Estimate!!PERCENT ALLOCATED!!Earnings in the past 12 months"
"S2001_C02_021M","Male!!Margin of Error!!PERCENT ALLOCATED!!Earnings in the past 12 months"
"S2001_C03_021E","Female!!Estimate!!PERCENT ALLOCATED!!Earnings in the past 12 months"
"S2001_C03_021M","Female!!Margin of Error!!PERCENT ALLOCATED!!Earnings in the past 12 months"
