ID Group,Group,ID Industry,Industry,ID Year,Year,ID State,State,Workforce by Industry and Gender,Workforce by Industry and Gender Moe,ACS Industry yg RCA,Geography,ID Geography,Slug Geography,Median Earnings,Median Earnings Moe,Workforce Prev,Workforce Growth,Median Earnings Prev,Median Earnings Growth,Share
0,"Agriculture, Forestry, Fishing & Hunting, & Mining",0,"Agriculture, Forestry, Fishing & Hunting",2021,"2021","04000US48","Texas",9,32.69556544854363,0.0330562305997157,"Keller, TX","16000US4838632","keller-tx",,,10,-10,,NaN,0.03972282296861897
0,"Agriculture, Forestry, Fishing & Hunting, & Mining",1,"Mining, Quarrying, & Oil & Gas Extraction",2021,"2021","04000US48","Texas",114,60.16643582596529,1.0986851897707715,"Keller, TX","16000US4838632","keller-tx",250001,,138,-17.391304347826086,250001,0,0.503155757602507
1,"Construction (Group)",2,"Construction",2021,"2021","04000US48","Texas",864,169.941166289984,0.5604558528195139,"Keller, TX","16000US4838632","keller-tx",144244,59689,993,-12.990936555891238,132153,9.149243679674317,3.813391004987421
2,"Manufacturing (Group)",3,"Manufacturing",2021,"2021","04000US48","Texas",2837,429.12119500206467,1.2493825954155307,"Keller, TX","16000US4838632","keller-tx",219966,60291,2955,-3.993231810490694,201664,9.075491907331006,12.521516529108002
3,"Wholesale Trade (Group)",4,"Wholesale Trade",2021,"2021","04000US48","Texas",1109,294.41637182738333,1.9683698287103069,"Keller, TX","16000US4838632","keller-tx",198509,65487,1167,-4.970008568980291,180569,9.935260205240102,4.89473451913316
4,"Retail Trade (Group)",5,"Retail Trade",2021,"2021","04000US48","Texas",2435,453.0353187114665,0.9811519202458674,"Keller, TX","16000US4838632","keller-tx",46898,16923,2586,-5.839133797370456,47723,-1.728726190725646,10.747230436509687
5,"Transportation & Warehousing, & Utilities",6,"Transportation & Warehousing",2021,"2021","04000US48","Texas",1885,327.0611563607026,1.7247541057064821,"Keller, TX","16000US4838632","keller-tx",168740,25872,1719,9.656777196044212,162860,3.6104629743337835,8.319724588427418
5,"Transportation & Warehousing, & Utilities",7,"Utilities",2021,"2021","04000US48","Texas",103,74.09453421137081,0.5474019920577726,"Keller, TX","16000US4838632","keller-tx",98672,12120,126,-18.253968253968253,94353,4.577490911788709,0.45460564064086156
6,"Information (Group)",8,"Information",2021,"2021","04000US48","Texas",777,366.47783016166204,1.7819923478345783,"Keller, TX","16000US4838632","keller-tx",369039,43987,1175,-33.87234042553192,342892,7.625433080970101,3.429403716290771
7,"Finance & Insurance, & Real Estate & Rental & Leasing",9,"Finance & Insurance",2021,"2021","04000US48","Texas",2185,365.0342449688796,2.036097258331763,"Keller, TX","16000US4838632","keller-tx",279722,80352,2274,-3.913808267370272,292874,-4.490668342017386,9.643818687381383
7,"Finance & Insurance, & Real Estate & Rental & Leasing",10,"Real Estate & Rental & Leasing",2021,"2021","04000US48","Texas",525,141.8238343861849,1.2073867335475026,"Keller, TX","16000US4838632","keller-tx",100790,49855,530,-0.9433962264150944,77396,30.226368287766807,2.31716467316944
8,"Professional, Scientific, & Management, & Administrative & Waste Management Services",11,"Professional, Scientific, & Technical Services",2021,"2021","04000US48","Texas",2538,501.3511743279355,1.4659663693447074,"Keller, TX","16000US4838632","keller-tx",212063,71857,2488,2.009646302250804,187548,13.071320408642054,11.20183607715055
8,"Professional, Scientific, & Management, & Administrative & Waste Management Services",12,"Management of Companies & Enterprises",2021,"2021","04000US48","Texas",43,35.22782990761707,1.3346686723526233,"Keller, TX","16000US4838632","keller-tx",84821,65825,32,34.375,,NaN,0.18978682085006843
8,"Professional, Scientific, & Management, & Administrative & Waste Management Services",13,"Administrative & Support & Waste Management Services",2021,"2021","04000US48","Texas",757,283.63709207365673,0.8024630074186909,"Keller, TX","16000US4838632","keller-tx",133145,136144,674,12.314540059347182,144668,-7.965133961898968,3.341130776360507
9,"Educational Services, & Health Care & Social Assistance",14,"Educational Services",2021,"2021","04000US48","Texas",1524,278.4905743467811,0.7207710076949703,"Keller, TX","16000US4838632","keller-tx",111573,35905,1697,-10.194460813199765,107078,4.197874446665048,6.726398022686146
9,"Educational Services, & Health Care & Social Assistance",15,"Health Care & Social Assistance",2021,"2021","04000US48","Texas",1984,292.2498930709813,0.6253950531198896,"Keller, TX","16000US4838632","keller-tx",155439,110921,2232,-11.11111111111111,160174,-2.9561601758088076,8.756675641082227
10,"Arts, Entertainment, & Recreation, & Accommodation & Food Services",16,"Arts, Entertainment, & Recreation",2021,"2021","04000US48","Texas",509,170.03823099526767,1.0721951789862023,"Keller, TX","16000US4838632","keller-tx",36784,15215,527,-3.415559772296015,30185,21.86185191320192,2.246546321225228
10,"Arts, Entertainment, & Recreation, & Accommodation & Food Services",17,"Accommodation & Food Services",2021,"2021","04000US48","Texas",858,220.80987296767321,0.539979407401891,"Keller, TX","16000US4838632","keller-tx",28250,10833,933,-8.038585209003216,26387,7.060294842157123,3.786909123008342
11,"Other Services, Except Public Administration (Group)",18,"Other Services, Except Public Administration",2021,"2021","04000US48","Texas",1055,282.9911659398575,0.979849293471351,"Keller, TX","16000US4838632","keller-tx",,,958,10.125260960334028,,NaN,4.656397581321446
12,"Public Administration (Group)",19,"Public Administration",2021,"2021","04000US48","Texas",546,165.5173706896047,0.5129668639527932,"Keller, TX","16000US4838632","keller-tx",181767,123645,556,-1.7985611510791366,188065,-3.348842155637678,2.4098512600962176
0,"Agriculture, Forestry, Fishing & Hunting, & Mining",0,"Agriculture, Forestry, Fishing & Hunting",2020,"2020","04000US48","Texas",10,33.54101966249684,0.03429314150916641,"Keller, TX","16000US4838632","keller-tx",,,0,Infinity,,NaN,0.04206983592763988
0,"Agriculture, Forestry, Fishing & Hunting, & Mining",1,"Mining, Quarrying, & Oil & Gas Extraction",2020,"2020","04000US48","Texas",138,72.56031973468694,1.213163978583112,"Keller, TX","16000US4838632","keller-tx",250001,,309,-55.33980582524271,109894,127.49285675287095,0.5805637358014304
1,"Construction (Group)",2,"Construction",2020,"2020","04000US48","Texas",993,236.0720229082642,0.6252106090214168,"Keller, TX","16000US4838632","keller-tx",132153,63840,1119,-11.26005361930295,129789,1.8214178397244758,4.17753470761464
2,"Manufacturing (Group)",3,"Manufacturing",2020,"2020","04000US48","Texas",2955,495.47250175968395,1.2408900117030983,"Keller, TX","16000US4838632","keller-tx",201664,31598,2787,6.027987082884822,226747,-11.062108870238637,12.431636516617585
3,"Wholesale Trade (Group)",4,"Wholesale Trade",2020,"2020","04000US48","Texas",1167,276.2679858398363,1.926959871083309,"Keller, TX","16000US4838632","keller-tx",180569,71244,1049,11.24880838894185,162481,11.13237855503105,4.909549852755575
4,"Retail Trade (Group)",5,"Retail Trade",2020,"2020","04000US48","Texas",2586,454.4007042248064,0.9863032808047029,"Keller, TX","16000US4838632","keller-tx",47723,14737,2668,-3.073463268365817,54490,-12.41879243897963,10.879259570887674
5,"Transportation & Warehousing, & Utilities",6,"Transportation & Warehousing",2020,"2020","04000US48","Texas",1719,328.7324139782994,1.5463255223724286,"Keller, TX","16000US4838632","keller-tx",162860,16826,1756,-2.1070615034168565,175591,-7.250371602189178,7.231804795961295
5,"Transportation & Warehousing, & Utilities",7,"Utilities",2020,"2020","04000US48","Texas",126,76.32168761236873,0.6424147768768946,"Keller, TX","16000US4838632","keller-tx",94353,25993,116,8.620689655172415,86563,8.999225997250557,0.5300799326882625
6,"Information (Group)",8,"Information",2020,"2020","04000US48","Texas",1175,500.27992164387325,2.512735165139167,"Keller, TX","16000US4838632","keller-tx",342892,34238,667,76.16191904047976,200963,70.62444330548409,4.943205721497686
7,"Finance & Insurance, & Real Estate & Rental & Leasing",9,"Finance & Insurance",2020,"2020","04000US48","Texas",2274,344.17001612575143,2.0463689758622916,"Keller, TX","16000US4838632","keller-tx",292874,90586,1796,26.614699331848552,249938,17.178660307756324,9.56668068994531
7,"Finance & Insurance, & Real Estate & Rental & Leasing",10,"Real Estate & Rental & Leasing",2020,"2020","04000US48","Texas",530,151.42654985173505,1.1465944397505037,"Keller, TX","16000US4838632","keller-tx",77396,75637,601,-11.813643926788686,106376,-27.24298713995638,2.2297013041649136
8,"Professional, Scientific, & Management, & Administrative & Waste Management Services",11,"Professional, Scientific, & Technical Services",2020,"2020","04000US48","Texas",2488,506.2904304843219,1.4094305800999964,"Keller, TX","16000US4838632","keller-tx",187548,74144,2109,17.9706021811285,202761,-7.502922159586903,10.466975178796803
8,"Professional, Scientific, & Management, & Administrative & Waste Management Services",12,"Management of Companies & Enterprises",2020,"2020","04000US48","Texas",32,29.698484809834998,0.9685664268387916,"Keller, TX","16000US4838632","keller-tx",,,38,-15.789473684210526,,NaN,0.13462347496844762
8,"Professional, Scientific, & Management, & Administrative & Waste Management Services",13,"Administrative & Support & Waste Management Services",2020,"2020","04000US48","Texas",674,237.12443990445186,0.6780696033908504,"Keller, TX","16000US4838632","keller-tx",144668,67249,596,13.087248322147651,70476,105.27271695328906,2.835506941522928
9,"Educational Services, & Health Care & Social Assistance",14,"Educational Services",2020,"2020","04000US48","Texas",1697,318.40383163523643,0.7666531380223984,"Keller, TX","16000US4838632","keller-tx",107078,39742,1955,-13.19693094629156,119664,-10.517783126086375,7.139251156920488
9,"Educational Services, & Health Care & Social Assistance",15,"Health Care & Social Assistance",2020,"2020","04000US48","Texas",2232,356.5305036038291,0.6715170462687828,"Keller, TX","16000US4838632","keller-tx",160174,178506,2511,-11.11111111111111,164330,-2.5290573845311264,9.389987379049222
10,"Arts, Entertainment, & Recreation, & Accommodation & Food Services",16,"Arts, Entertainment, & Recreation",2020,"2020","04000US48","Texas",527,162.9355700883021,1.0283357315671258,"Keller, TX","16000US4838632","keller-tx",30185,18793,566,-6.890459363957597,34309,-12.020169634789706,2.217080353386622
10,"Arts, Entertainment, & Recreation, & Accommodation & Food Services",17,"Accommodation & Food Services",2020,"2020","04000US48","Texas",933,196.88067452139634,0.5419222826185565,"Keller, TX","16000US4838632","keller-tx",26387,19393,1120,-16.69642857142857,27657,-4.591965867592291,3.925115692048801
11,"Other Services, Except Public Administration (Group)",18,"Other Services, Except Public Administration",2020,"2020","04000US48","Texas",958,261,0.8358519859791953,"Keller, TX","16000US4838632","keller-tx",,,1179,-18.744698897370654,,NaN,4.0302902818679005
12,"Public Administration (Group)",19,"Public Administration",2020,"2020","04000US48","Texas",556,161.44348856488452,0.5014822801620323,"Keller, TX","16000US4838632","keller-tx",188065,80124,525,5.904761904761905,191071,-1.5732371736160906,2.3390828775767774
0,"Agriculture, Forestry, Fishing & Hunting, & Mining",0,"Agriculture, Forestry, Fishing & Hunting",2019,"2019","04000US48","Texas",0,41.012193308819754,0,"Keller, TX","16000US4838632","keller-tx",,,0,NaN,,NaN,0
0,"Agriculture, Forestry, Fishing & Hunting, & Mining",1,"Mining, Quarrying, & Oil & Gas Extraction",2019,"2019","04000US48","Texas",309,160.0781059358212,2.568138123070015,"Keller, TX","16000US4838632","keller-tx",109894,313181,264,17.045454545454543,107176,2.5360155258639994,1.316742659905399
1,"Construction (Group)",2,"Construction",2019,"2019","04000US48","Texas",1119,244.16797496805347,0.7233326618210436,"Keller, TX","16000US4838632","keller-tx",129789,52305,1066,4.971857410881801,124282,4.431051962472441,4.76839817616227
2,"Manufacturing (Group)",3,"Manufacturing",2019,"2019","04000US48","Texas",2787,328.8175786055241,1.1749349720638917,"Keller, TX","16000US4838632","keller-tx",226747,50761,2545,9.508840864440078,246910,-8.16613340893443,11.876251757787532
3,"Wholesale Trade (Group)",4,"Wholesale Trade",2019,"2019","04000US48","Texas",1049,200,1.7232659158844827,"Keller, TX","16000US4838632","keller-tx",162481,49913,998,5.110220440881764,168800,-3.7434834123222753,4.470106958707973
4,"Retail Trade (Group)",5,"Retail Trade",2019,"2019","04000US48","Texas",2668,390.600819251573,1.0195309814196107,"Keller, TX","16000US4838632","keller-tx",54490,15273,2617,1.9487963316774932,54873,-0.6979753248409964,11.369156688115226
5,"Transportation & Warehousing, & Utilities",6,"Transportation & Warehousing",2019,"2019","04000US48","Texas",1756,288.1249728850313,1.6461702809582415,"Keller, TX","16000US4838632","keller-tx",175591,39471,1670,5.149700598802395,159551,10.05321182568583,7.482848254996378
5,"Transportation & Warehousing, & Utilities",7,"Utilities",2019,"2019","04000US48","Texas",116,67.11929677819934,0.6040677789793738,"Keller, TX","16000US4838632","keller-tx",86563,35560,107,8.411214953271028,104917,-17.493828454873853,0.49431116035283595
6,"Information (Group)",8,"Information",2019,"2019","04000US48","Texas",667,174.80560631741764,1.4132141696988245,"Keller, TX","16000US4838632","keller-tx",200963,53251,681,-2.0558002936857562,187063,7.430651705575126,2.8422891720288064
7,"Finance & Insurance, & Real Estate & Rental & Leasing",9,"Finance & Insurance",2019,"2019","04000US48","Texas",1796,255.266527378738,1.6589638052710156,"Keller, TX","16000US4838632","keller-tx",249938,56390,1871,-4.008551576696953,232469,7.514550327140393,7.653300379255977
7,"Finance & Insurance, & Real Estate & Rental & Leasing",10,"Real Estate & Rental & Leasing",2019,"2019","04000US48","Texas",601,159.80613254815972,1.3184002357073146,"Keller, TX","16000US4838632","keller-tx",106376,81107,603,-0.33167495854063017,93904,13.281649344010905,2.5610431670004687
8,"Professional, Scientific, & Management, & Administrative & Waste Management Services",11,"Professional, Scientific, & Technical Services",2019,"2019","04000US48","Texas",2109,303.2507213511618,1.2488713526479864,"Keller, TX","16000US4838632","keller-tx",202761,49240,1993,5.82037129954842,182640,11.016754270696453,8.987088251587336
8,"Professional, Scientific, & Management, & Administrative & Waste Management Services",12,"Management of Companies & Enterprises",2019,"2019","04000US48","Texas",38,32.64965543462902,1.269474631303338,"Keller, TX","16000US4838632","keller-tx",,,24,58.333333333333336,,NaN,0.16192951804661865
8,"Professional, Scientific, & Management, & Administrative & Waste Management Services",13,"Administrative & Support & Waste Management Services",2019,"2019","04000US48","Texas",596,204.38444167793202,0.5972540906104262,"Keller, TX","16000US4838632","keller-tx",70476,69083,677,-11.964549483013293,47910,47.10081402629931,2.5397366514680186
9,"Educational Services, & Health Care & Social Assistance",14,"Educational Services",2019,"2019","04000US48","Texas",1955,295.16944286290885,0.8989711121991367,"Keller, TX","16000US4838632","keller-tx",119664,37105,2047,-4.49438202247191,117752,1.623751613560704,8.330847573187881
9,"Educational Services, & Health Care & Social Assistance",15,"Health Care & Social Assistance",2019,"2019","04000US48","Texas",2511,330.32408328791286,0.7709211210014423,"Keller, TX","16000US4838632","keller-tx",164330,127515,2590,-3.05019305019305,177727,-7.537965531404908,10.700132100396301
10,"Arts, Entertainment, & Recreation, & Accommodation & Food Services",16,"Arts, Entertainment, & Recreation",2019,"2019","04000US48","Texas",566,162.4315240339756,1.0960300987820863,"Keller, TX","16000US4838632","keller-tx",34309,45996,484,16.94214876033058,36933,-7.1047572631521945,2.4118975582733198
10,"Arts, Entertainment, & Recreation, & Accommodation & Food Services",17,"Accommodation & Food Services",2019,"2019","04000US48","Texas",1120,196.58077220318367,0.6395644835665844,"Keller, TX","16000US4838632","keller-tx",27657,13968,1128,-0.7092198581560284,23265,18.878143133462284,4.772659479268761
11,"Other Services, Except Public Administration (Group)",18,"Other Services, Except Public Administration",2019,"2019","04000US48","Texas",1179,252.41434190631875,1.034111421333309,"Keller, TX","16000US4838632","keller-tx",,,1097,7.474931631722881,,NaN,5.024076362551668
12,"Public Administration (Group)",19,"Public Administration",2019,"2019","04000US48","Texas",525,145,0.4855668486136977,"Keller, TX","16000US4838632","keller-tx",191071,65413,529,-0.7561436672967864,149480,27.823789135670324,2.2371841309072313
0,"Agriculture, Forestry, Fishing & Hunting, & Mining",0,"Agriculture, Forestry, Fishing & Hunting",2018,"2018","04000US48","Texas",0,39.59797974644666,0,"Keller, TX","16000US4838632","keller-tx",,,0,NaN,,NaN,0
0,"Agriculture, Forestry, Fishing & Hunting, & Mining",1,"Mining, Quarrying, & Oil & Gas Extraction",2018,"2018","04000US48","Texas",264,151.72672803431834,2.1095664163663392,"Keller, TX","16000US4838632","keller-tx",107176,290775,248,6.451612903225806,241090,-55.54523207101083,1.1482754121177852
1,"Construction (Group)",2,"Construction",2018,"2018","04000US48","Texas",1066,224.24317157942622,0.717163341046641,"Keller, TX","16000US4838632","keller-tx",124282,54399,1022,4.305283757338552,113613,9.390650717787578,4.636596929233178
2,"Manufacturing (Group)",3,"Manufacturing",2018,"2018","04000US48","Texas",2545,350.43544341290595,1.0872443518546673,"Keller, TX","16000US4838632","keller-tx",246910,27842,2518,1.072279586973789,241252,2.3452655314774593,11.069548953938497
3,"Wholesale Trade (Group)",4,"Wholesale Trade",2018,"2018","04000US48","Texas",998,199.96999774966244,1.646890567385764,"Keller, TX","16000US4838632","keller-tx",168800,44116,820,21.70731707317073,169060,-0.15379155329468827,4.340829020051324
4,"Retail Trade (Group)",5,"Retail Trade",2018,"2018","04000US48","Texas",2617,411.077851507473,1.008448151996165,"Keller, TX","16000US4838632","keller-tx",54873,17827,2746,-4.697742170429716,55696,-1.4776644642344154,11.382714975425166
5,"Transportation & Warehousing, & Utilities",6,"Transportation & Warehousing",2018,"2018","04000US48","Texas",1670,209.91426821443082,1.6494850813318718,"Keller, TX","16000US4838632","keller-tx",159551,39301,1371,21.808898614150255,148036,7.778513334594288,7.263711887260232
5,"Transportation & Warehousing, & Utilities",7,"Utilities",2018,"2018","04000US48","Texas",107,58.83026432033091,0.5650551364692837,"Keller, TX","16000US4838632","keller-tx",104917,32303,87,22.988505747126435,102083,2.7761723303586296,0.46539950415379927
6,"Information (Group)",8,"Information",2018,"2018","04000US48","Texas",681,180.16103907338015,1.4297688793949566,"Keller, TX","16000US4838632","keller-tx",187063,46673,728,-6.456043956043957,165808,12.81904371321046,2.9620286198947414
7,"Finance & Insurance, & Real Estate & Rental & Leasing",9,"Finance & Insurance",2018,"2018","04000US48","Texas",1871,292.06334929258065,1.7633527864855438,"Keller, TX","16000US4838632","keller-tx",232469,60801,1713,9.223584354932866,210350,10.515331590206799,8.137967030577183
7,"Finance & Insurance, & Real Estate & Rental & Leasing",10,"Real Estate & Rental & Leasing",2018,"2018","04000US48","Texas",603,162.11415730897778,1.3505174585175392,"Keller, TX","16000US4838632","keller-tx",93904,35447,592,1.8581081081081081,93156,0.8029541843788913,2.6227654299508503
8,"Professional, Scientific, & Management, & Administrative & Waste Management Services",11,"Professional, Scientific, & Technical Services",2018,"2018","04000US48","Texas",1993,271.8308297452664,1.2299328600146247,"Keller, TX","16000US4838632","keller-tx",182640,43975,2061,-3.2993692382338673,172223,6.0485533291139975,8.668609455874037
8,"Professional, Scientific, & Management, & Administrative & Waste Management Services",12,"Management of Companies & Enterprises",2018,"2018","04000US48","Texas",24,25.495097567963924,0.930506033319819,"Keller, TX","16000US4838632","keller-tx",,,26,-7.6923076923076925,,NaN,0.10438867382888957
8,"Professional, Scientific, & Management, & Administrative & Waste Management Services",13,"Administrative & Support & Waste Management Services",2018,"2018","04000US48","Texas",677,186.02419197512995,0.6899671251165073,"Keller, TX","16000US4838632","keller-tx",47910,81451,640,5.78125,43664,9.724257969952363,2.9446305075899266
9,"Educational Services, & Health Care & Social Assistance",14,"Educational Services",2018,"2018","04000US48","Texas",2047,317.90721916936707,0.9636326325436769,"Keller, TX","16000US4838632","keller-tx",117752,32046,2151,-4.834960483496048,112285,4.868860488934408,8.903483971989038
9,"Educational Services, & Health Care & Social Assistance",15,"Health Care & Social Assistance",2018,"2018","04000US48","Texas",2590,339.4539733159711,0.8123570151081397,"Keller, TX","16000US4838632","keller-tx",177727,79918,2407,7.6028250934773585,181942,-2.316672346132284,11.265277717367665
10,"Arts, Entertainment, & Recreation, & Accommodation & Food Services",16,"Arts, Entertainment, & Recreation",2018,"2018","04000US48","Texas",484,159.55249919697278,0.9596877372920573,"Keller, TX","16000US4838632","keller-tx",36933,120546,642,-24.610591900311526,41602,-11.223018124128647,2.105171588882606
10,"Arts, Entertainment, & Recreation, & Accommodation & Food Services",17,"Accommodation & Food Services",2018,"2018","04000US48","Texas",1128,225.4173906334647,0.6544585202978563,"Keller, TX","16000US4838632","keller-tx",23265,17549,1030,9.514563106796116,36081,-35.52007982040409,4.90626766995781
11,"Other Services, Except Public Administration (Group)",18,"Other Services, Except Public Administration",2018,"2018","04000US48","Texas",1097,225.22877258467668,0.9767531029027507,"Keller, TX","16000US4838632","keller-tx",,,1154,-4.9393414211438476,,NaN,4.771432299595494
12,"Public Administration (Group)",19,"Public Administration",2018,"2018","04000US48","Texas",529,141.8238343861849,0.4963896459482582,"Keller, TX","16000US4838632","keller-tx",149480,56955,545,-2.9357798165137616,134375,11.24093023255814,2.300900352311774
0,"Agriculture, Forestry, Fishing & Hunting, & Mining",0,"Agriculture, Forestry, Fishing & Hunting",2017,"2017","04000US48","Texas",0,39.59797974644666,0,"Keller, TX","16000US4838632","keller-tx",,,0,NaN,,NaN,0
0,"Agriculture, Forestry, Fishing & Hunting, & Mining",1,"Mining, Quarrying, & Oil & Gas Extraction",2017,"2017","04000US48","Texas",248,148.44864431849822,1.9312170707913099,"Keller, TX","16000US4838632","keller-tx",241090,161501,241,2.904564315352697,234375,2.865066666666667,1.1021732367450334
1,"Construction (Group)",2,"Construction",2017,"2017","04000US48","Texas",1022,284.07921430474283,0.7151670663792754,"Keller, TX","16000US4838632","keller-tx",113613,38532,962,6.237006237006238,94923,19.689643184475838,4.542020354650904
2,"Manufacturing (Group)",3,"Manufacturing",2017,"2017","04000US48","Texas",2518,337.857958319765,1.088876868483964,"Keller, TX","16000US4838632","keller-tx",241252,28388,2171,15.983417779824965,213743,12.870129080250582,11.190613750499978
3,"Wholesale Trade (Group)",4,"Wholesale Trade",2017,"2017","04000US48","Texas",820,193.32873557751319,1.3575165791011445,"Keller, TX","16000US4838632","keller-tx",169060,55146,798,2.756892230576441,187030,-9.608084264556489,3.6442824763343853
4,"Retail Trade (Group)",5,"Retail Trade",2017,"2017","04000US48","Texas",2746,373.52376095772007,1.0705990902841165,"Keller, TX","16000US4838632","keller-tx",55696,14337,2511,9.358821186778176,52645,5.7954221673473265,12.203902048797831
5,"Transportation & Warehousing, & Utilities",6,"Transportation & Warehousing",2017,"2017","04000US48","Texas",1371,251.03187048659777,1.4283590418429382,"Keller, TX","16000US4838632","keller-tx",148036,42417,1323,3.6281179138321997,144365,2.542860111522876,6.093062530554198
5,"Transportation & Warehousing, & Utilities",7,"Utilities",2017,"2017","04000US48","Texas",87,57.30619512757761,0.46310852381005563,"Keller, TX","16000US4838632","keller-tx",102083,36959,82,6.097560975609756,114844,-11.111594859113232,0.38664948224523354
6,"Information (Group)",8,"Information",2017,"2017","04000US48","Texas",728,189.5098942008042,1.53546878457275,"Keller, TX","16000US4838632","keller-tx",165808,59081,664,9.63855421686747,157559,5.235499082883237,3.2354117594773566
7,"Finance & Insurance, & Real Estate & Rental & Leasing",9,"Finance & Insurance",2017,"2017","04000US48","Texas",1713,269.77953962448674,1.637595890002775,"Keller, TX","16000US4838632","keller-tx",210350,86783,1728,-0.8680555555555556,178288,17.983263035089294,7.6129949780009785
7,"Finance & Insurance, & Real Estate & Rental & Leasing",10,"Real Estate & Rental & Leasing",2017,"2017","04000US48","Texas",592,158.7954659302337,1.3629402055635578,"Keller, TX","16000US4838632","keller-tx",93156,43626,566,4.593639575971731,175002,-46.76860835876162,2.6309941780365316
8,"Professional, Scientific, & Management, & Administrative & Waste Management Services",11,"Professional, Scientific, & Technical Services",2017,"2017","04000US48","Texas",2061,305.6304958606061,1.3242400035053163,"Keller, TX","16000US4838632","keller-tx",172223,45704,2150,-4.1395348837209305,155589,10.690987152048024,9.159592906981912
8,"Professional, Scientific, & Management, & Administrative & Waste Management Services",12,"Management of Companies & Enterprises",2017,"2017","04000US48","Texas",26,27.586228448267445,1.2024541880878281,"Keller, TX","16000US4838632","keller-tx",,,11,136.36363636363635,,NaN,0.11555041998133415
8,"Professional, Scientific, & Management, & Administrative & Waste Management Services",13,"Administrative & Support & Waste Management Services",2017,"2017","04000US48","Texas",640,184.94593804677083,0.6651744428796452,"Keller, TX","16000US4838632","keller-tx",43664,97818,512,25,56396,-22.576069224767714,2.844318030309764
9,"Educational Services, & Health Care & Social Assistance",14,"Educational Services",2017,"2017","04000US48","Texas",2151,331.48453960931573,1.0334073270114936,"Keller, TX","16000US4838632","keller-tx",112285,19687,2055,4.671532846715328,104842,7.099254115716984,9.559575129994222
9,"Educational Services, & Health Care & Social Assistance",15,"Health Care & Social Assistance",2017,"2017","04000US48","Texas",2407,329.5087252259035,0.7726599853322303,"Keller, TX","16000US4838632","keller-tx",181942,84045,2308,4.289428076256499,211557,-13.998591396172188,10.697302342118128
10,"Arts, Entertainment, & Recreation, & Accommodation & Food Services",16,"Arts, Entertainment, & Recreation",2017,"2017","04000US48","Texas",642,185.42114226808118,1.3087691910404056,"Keller, TX","16000US4838632","keller-tx",41602,40567,513,25.146198830409354,28494,46.00266722818839,2.853206524154482
10,"Arts, Entertainment, & Recreation, & Accommodation & Food Services",17,"Accommodation & Food Services",2017,"2017","04000US48","Texas",1030,239.83536019528066,0.609881922062698,"Keller, TX","16000US4838632","keller-tx",36081,20647,877,17.44583808437856,38750,-6.887741935483871,4.577574330029776
11,"Other Services, Except Public Administration (Group)",18,"Other Services, Except Public Administration",2017,"2017","04000US48","Texas",1154,248.1954874690513,1.0478203441293121,"Keller, TX","16000US4838632","keller-tx",,,1223,-5.641864268192968,,NaN,5.128660948402293
12,"Public Administration (Group)",19,"Public Administration",2017,"2017","04000US48","Texas",545,146.24978632463024,0.519179022926402,"Keller, TX","16000US4838632","keller-tx",134375,36224,569,-4.21792618629174,136639,-1.6569207912821375,2.4221145726856586
0,"Agriculture, Forestry, Fishing & Hunting, & Mining",0,"Agriculture, Forestry, Fishing & Hunting",2016,"2016","04000US48","Texas",0,38.18376618407357,0,"Keller, TX","16000US4838632","keller-tx",,,0,NaN,,NaN,0
0,"Agriculture, Forestry, Fishing & Hunting, & Mining",1,"Mining, Quarrying, & Oil & Gas Extraction",2016,"2016","04000US48","Texas",241,127.41271522104847,1.9045134643978496,"Keller, TX","16000US4838632","keller-tx",234375,150497,282,-14.539007092198581,119722,95.7660246237116,1.1333709556057185
1,"Construction (Group)",2,"Construction",2016,"2016","04000US48","Texas",962,258.11818998280614,0.7233399997948459,"Keller, TX","16000US4838632","keller-tx",94923,39705,1067,-9.840674789128398,79206,19.843193697447163,4.524078254326561
2,"Manufacturing (Group)",3,"Manufacturing",2016,"2016","04000US48","Texas",2171,264.42579299304373,0.9865634970368857,"Keller, TX","16000US4838632","keller-tx",213743,31448,2328,-6.743986254295533,219775,-2.74462518484814,10.209744168547779
3,"Wholesale Trade (Group)",4,"Wholesale Trade",2016,"2016","04000US48","Texas",798,167.40967713964446,1.3908443976967393,"Keller, TX","16000US4838632","keller-tx",187030,62434,709,12.552891396332862,200660,-6.792584471244892,3.7528216704288937
4,"Retail Trade (Group)",5,"Retail Trade",2016,"2016","04000US48","Texas",2511,357.60453017264757,1.026378304165672,"Keller, TX","16000US4838632","keller-tx",52645,19712,2387,5.194805194805195,50103,5.0735484901103725,11.808690744920995
5,"Transportation & Warehousing, & Utilities",6,"Transportation & Warehousing",2016,"2016","04000US48","Texas",1323,205.91260281974002,1.4928776722069177,"Keller, TX","16000US4838632","keller-tx",144365,37368,1623,-18.484288354898336,139235,3.6844184292742486,6.22178329571106
5,"Transportation & Warehousing, & Utilities",7,"Utilities",2016,"2016","04000US48","Texas",82,55.94640292279746,0.4591171730954885,"Keller, TX","16000US4838632","keller-tx",114844,64365,109,-24.770642201834864,72031,59.43690910857825,0.3856282919488337
6,"Information (Group)",8,"Information",2016,"2016","04000US48","Texas",664,178.21896644296868,1.4756706273200932,"Keller, TX","16000US4838632","keller-tx",157559,49608,525,26.476190476190474,146923,7.239166093804237,3.122648607975922
7,"Finance & Insurance, & Real Estate & Rental & Leasing",9,"Finance & Insurance",2016,"2016","04000US48","Texas",1728,282.2941728056036,1.7426778572272148,"Keller, TX","16000US4838632","keller-tx",178288,49039,1600,8,186770,-4.541414574075066,8.126410835214447
7,"Finance & Insurance, & Real Estate & Rental & Leasing",10,"Real Estate & Rental & Leasing",2016,"2016","04000US48","Texas",566,148.39474384222643,1.392012448055306,"Keller, TX","16000US4838632","keller-tx",175002,121667,460,23.043478260869566,209785,-16.580308410992206,2.661775771256584
8,"Professional, Scientific, & Management, & Administrative & Waste Management Services",11,"Professional, Scientific, & Technical Services",2016,"2016","04000US48","Texas",2150,287.0139369438355,1.4872036081633884,"Keller, TX","16000US4838632","keller-tx",155589,23809,2003,7.338991512730904,153748,1.197413950100164,10.110985703536493
8,"Professional, Scientific, & Management, & Administrative & Waste Management Services",12,"Management of Companies & Enterprises",2016,"2016","04000US48","Texas",11,32.449961479175904,0.599222113752704,"Keller, TX","16000US4838632","keller-tx",,,10,10,,NaN,0.051730624529721596
8,"Professional, Scientific, & Management, & Administrative & Waste Management Services",13,"Administrative & Support & Waste Management Services",2016,"2016","04000US48","Texas",512,148.82204137828506,0.5633098465978122,"Keller, TX","16000US4838632","keller-tx",56396,96323,442,15.837104072398189,67270,-16.164709380110004,2.407825432656132
9,"Educational Services, & Health Care & Social Assistance",14,"Educational Services",2016,"2016","04000US48","Texas",2055,323.4022263374203,1.0408422074517631,"Keller, TX","16000US4838632","keller-tx",104842,25368,1886,8.960763520678686,102122,2.663480934568457,9.664221218961625
9,"Educational Services, & Health Care & Social Assistance",15,"Health Care & Social Assistance",2016,"2016","04000US48","Texas",2308,322.8699428562529,0.7851062316891363,"Keller, TX","16000US4838632","keller-tx",211557,58740,2034,13.470993117010815,198413,6.624565930659785,10.854025583145221
10,"Arts, Entertainment, & Recreation, & Accommodation & Food Services",16,"Arts, Entertainment, & Recreation",2016,"2016","04000US48","Texas",513,163.89325794552988,1.1105244474695934,"Keller, TX","16000US4838632","keller-tx",28494,26503,539,-4.823747680890538,34786,-18.087736445696546,2.4125282167042887
10,"Arts, Entertainment, & Recreation, & Accommodation & Food Services",17,"Accommodation & Food Services",2016,"2016","04000US48","Texas",877,197.43606560099397,0.5498634432380634,"Keller, TX","16000US4838632","keller-tx",38750,28488,767,14.341590612777052,22567,71.71090530420526,4.124341610233258
11,"Other Services, Except Public Administration (Group)",18,"Other Services, Except Public Administration",2016,"2016","04000US48","Texas",1223,256.6807355451515,1.1699411577798877,"Keller, TX","16000US4838632","keller-tx",,,1253,-2.3942537909018355,,NaN,5.75150489089541
12,"Public Administration (Group)",19,"Public Administration",2016,"2016","04000US48","Texas",569,134.18271125595874,0.5675930219721164,"Keller, TX","16000US4838632","keller-tx",136639,38752,660,-13.787878787878787,130141,4.993046003949562,2.6758841234010533
0,"Agriculture, Forestry, Fishing & Hunting, & Mining",0,"Agriculture, Forestry, Fishing & Hunting",2015,"2015","04000US48","Texas",0,38.18376618407357,0,"Keller, TX","16000US4838632","keller-tx",,,0,NaN,,NaN,0
0,"Agriculture, Forestry, Fishing & Hunting, & Mining",1,"Mining, Quarrying, & Oil & Gas Extraction",2015,"2015","04000US48","Texas",282,144.84474446799925,2.240554853954437,"Keller, TX","16000US4838632","keller-tx",119722,247287,183,54.09836065573771,94909,26.143990559377933,1.3633726551924192
1,"Construction (Group)",2,"Construction",2015,"2015","04000US48","Texas",1067,285.3559181092973,0.8328553549581208,"Keller, TX","16000US4838632","keller-tx",79206,33076,1067,0,78389,1.0422380691168405,5.158576677625218
2,"Manufacturing (Group)",3,"Manufacturing",2015,"2015","04000US48","Texas",2328,290.24472432759217,1.0812565244812642,"Keller, TX","16000US4838632","keller-tx",219775,22157,2347,-0.8095440988495952,213956,2.7197180728747967,11.255076387545929
3,"Wholesale Trade (Group)",4,"Wholesale Trade",2015,"2015","04000US48","Texas",709,163.61540269791226,1.2588482160447143,"Keller, TX","16000US4838632","keller-tx",200660,55620,784,-9.566326530612244,193269,3.8242035711883435,3.4277702572036355
4,"Retail Trade (Group)",5,"Retail Trade",2015,"2015","04000US48","Texas",2387,310.31919051196303,0.9990389357300531,"Keller, TX","16000US4838632","keller-tx",50103,19026,2272,5.061619718309859,49321,1.585531518014639,11.540321021079095
5,"Transportation & Warehousing, & Utilities",6,"Transportation & Warehousing",2015,"2015","04000US48","Texas",1623,252.71525478292756,1.9105785388365044,"Keller, TX","16000US4838632","keller-tx",139235,34664,1692,-4.078014184397164,127531,9.17737648101246,7.846644749564881
5,"Transportation & Warehousing, & Utilities",7,"Utilities",2015,"2015","04000US48","Texas",109,68.54195795277518,0.6192621322852622,"Keller, TX","16000US4838632","keller-tx",72031,104059,157,-30.573248407643312,63750,12.989803921568626,0.5269773738155096
6,"Information (Group)",8,"Information",2015,"2015","04000US48","Texas",525,149.21461054467824,1.195601189347817,"Keller, TX","16000US4838632","keller-tx",146923,54849,530,-0.9433962264150944,152743,-3.810321913279168,2.5381937729646102
7,"Finance & Insurance, & Real Estate & Rental & Leasing",9,"Finance & Insurance",2015,"2015","04000US48","Texas",1600,294.7710976334009,1.6511755551727874,"Keller, TX","16000US4838632","keller-tx",186770,34536,1686,-5.100830367734282,158372,17.931199959588817,7.735447689035004
7,"Finance & Insurance, & Real Estate & Rental & Leasing",10,"Real Estate & Rental & Leasing",2015,"2015","04000US48","Texas",460,131.79529581893277,1.178600164248931,"Keller, TX","16000US4838632","keller-tx",209785,88991,340,35.294117647058826,187917,11.637052528509926,2.2239412105975633
8,"Professional, Scientific, & Management, & Administrative & Waste Management Services",11,"Professional, Scientific, & Technical Services",2015,"2015","04000US48","Texas",2003,281.68954542190596,1.448816527404476,"Keller, TX","16000US4838632","keller-tx",153748,27986,1806,10.908084163898117,156475,-1.7427704106087234,9.683813575710694
8,"Professional, Scientific, & Management, & Administrative & Waste Management Services",12,"Management of Companies & Enterprises",2015,"2015","04000US48","Texas",10,31.384709652950434,0.6059284038788117,"Keller, TX","16000US4838632","keller-tx",,,11,-9.090909090909092,,NaN,0.04834654805646877
8,"Professional, Scientific, & Management, & Administrative & Waste Management Services",13,"Administrative & Support & Waste Management Services",2015,"2015","04000US48","Texas",442,166.13849644197458,0.5010064632260973,"Keller, TX","16000US4838632","keller-tx",67270,120381,466,-5.150214592274678,35375,90.16254416961131,2.1369174240959197
9,"Educational Services, & Health Care & Social Assistance",14,"Educational Services",2015,"2015","04000US48","Texas",1886,305.6681206799296,0.9766526776266788,"Keller, TX","16000US4838632","keller-tx",102122,12625,1554,21.364221364221365,103304,-1.144195771702935,9.11815896345001
9,"Educational Services, & Health Care & Social Assistance",15,"Health Care & Social Assistance",2015,"2015","04000US48","Texas",2034,301.7830346457534,0.7119232378802807,"Keller, TX","16000US4838632","keller-tx",198413,33076,2040,-0.29411764705882354,193504,2.5368984620472963,9.833687874685747
10,"Arts, Entertainment, & Recreation, & Accommodation & Food Services",16,"Arts, Entertainment, & Recreation",2015,"2015","04000US48","Texas",539,157.87653403846943,1.206836394001386,"Keller, TX","16000US4838632","keller-tx",34786,30005,457,17.943107221006567,35235,-1.2743011210444162,2.6058789402436666
10,"Arts, Entertainment, & Recreation, & Accommodation & Food Services",17,"Accommodation & Food Services",2015,"2015","04000US48","Texas",767,185.9811818437554,0.49867610927736283,"Keller, TX","16000US4838632","keller-tx",22567,18228,781,-1.792573623559539,25714,-12.238469316325737,3.708180235931154
11,"Other Services, Except Public Administration (Group)",18,"Other Services, Except Public Administration",2015,"2015","04000US48","Texas",1253,256.7041098229633,1.2265761553391608,"Keller, TX","16000US4838632","keller-tx",,,1062,17.984934086629,,NaN,6.057822471475537
12,"Public Administration (Group)",19,"Public Administration",2015,"2015","04000US48","Texas",660,173.1415605797753,0.6646608500256651,"Keller, TX","16000US4838632","keller-tx",130141,21020,635,3.937007874015748,121107,7.459519268085248,3.190872171726938
0,"Agriculture, Forestry, Fishing & Hunting, & Mining",0,"Agriculture, Forestry, Fishing & Hunting",2014,"2014","04000US48","Texas",0,38.18376618407357,0,"Keller, TX","16000US4838632","keller-tx",,,0,NaN,,NaN,0
0,"Agriculture, Forestry, Fishing & Hunting, & Mining",1,"Mining, Quarrying, & Oil & Gas Extraction",2014,"2014","04000US48","Texas",183,91.41115905621152,1.5500205987682814,"Keller, TX","16000US4838632","keller-tx",94909,189611,196,-6.63265306122449,190625,-50.211672131147544,0.9209864116758932
1,"Construction (Group)",2,"Construction",2014,"2014","04000US48","Texas",1067,300.467968342717,0.8709385415863881,"Keller, TX","16000US4838632","keller-tx",78389,24109,896,19.084821428571427,81443,-3.749861866581536,5.3699043784599905
2,"Manufacturing (Group)",3,"Manufacturing",2014,"2014","04000US48","Texas",2347,313.3368794125582,1.1328641249990923,"Keller, TX","16000US4838632","keller-tx",213956,11252,2588,-9.312210200927357,201100,6.392839383391348,11.811776547559134
3,"Wholesale Trade (Group)",4,"Wholesale Trade",2014,"2014","04000US48","Texas",784,196.84765683136794,1.4372842384182123,"Keller, TX","16000US4838632","keller-tx",193269,64290,767,2.216427640156454,179632,7.591631780529082,3.945646703573226
4,"Retail Trade (Group)",5,"Retail Trade",2014,"2014","04000US48","Texas",2272,342.31272252138103,0.9880791986871748,"Keller, TX","16000US4838632","keller-tx",49321,8726,2388,-4.857621440536013,49149,0.3499562554680665,11.434323100150982
5,"Transportation & Warehousing, & Utilities",6,"Transportation & Warehousing",2014,"2014","04000US48","Texas",1692,287.3395204283601,2.094860665217056,"Keller, TX","16000US4838632","keller-tx",127531,24308,1901,-10.994213571804314,127731,-0.15657906068221497,8.515349773527932
5,"Transportation & Warehousing, & Utilities",7,"Utilities",2014,"2014","04000US48","Texas",157,92.04890004774637,0.9167871932990123,"Keller, TX","16000US4838632","keller-tx",63750,7104,121,29.75206611570248,59507,7.130253583612012,0.7901358832410669
6,"Information (Group)",8,"Information",2014,"2014","04000US48","Texas",530,130.38404810405297,1.2486307586638932,"Keller, TX","16000US4838632","keller-tx",152743,40508,520,1.9230769230769231,193111,-20.90403964559243,2.6673376950176144
7,"Finance & Insurance, & Real Estate & Rental & Leasing",9,"Finance & Insurance",2014,"2014","04000US48","Texas",1686,297.41721537261424,1.79728309685001,"Keller, TX","16000US4838632","keller-tx",158372,36860,1494,12.851405622489958,141431,11.978279160862893,8.48515349773528
7,"Finance & Insurance, & Real Estate & Rental & Leasing",10,"Real Estate & Rental & Leasing",2014,"2014","04000US48","Texas",340,123.84667940643382,0.9104241027559892,"Keller, TX","16000US4838632","keller-tx",187917,107035,255,33.33333333333333,197917,-5.05262306926641,1.7111222949169602
8,"Professional, Scientific, & Management, & Administrative & Waste Management Services",11,"Professional, Scientific, & Technical Services",2014,"2014","04000US48","Texas",1806,292.7541630788536,1.38041018607874,"Keller, TX","16000US4838632","keller-tx",156475,20751,1719,5.06108202443281,154013,1.598566354788232,9.089079013588323
8,"Professional, Scientific, & Management, & Administrative & Waste Management Services",12,"Management of Companies & Enterprises",2014,"2014","04000US48","Texas",11,31.906112267087636,0.7284308083822539,"Keller, TX","16000US4838632","keller-tx",,,39,-71.7948717948718,158542,NaN,0.05535983895319578
8,"Professional, Scientific, & Management, & Administrative & Waste Management Services",13,"Administrative & Support & Waste Management Services",2014,"2014","04000US48","Texas",466,161.07451691686057,0.5546089584667881,"Keller, TX","16000US4838632","keller-tx",35375,81135,476,-2.100840336134454,89777,-60.59681210109493,2.345244086562657
9,"Educational Services, & Health Care & Social Assistance",14,"Educational Services",2014,"2014","04000US48","Texas",1554,238.87235084873262,0.8305919385919232,"Keller, TX","16000US4838632","keller-tx",103304,12432,1569,-0.9560229445506693,100973,2.3085379259802123,7.820835430296929
9,"Educational Services, & Health Care & Social Assistance",15,"Health Care & Social Assistance",2014,"2014","04000US48","Texas",2040,294.2940706164499,0.7440660233895717,"Keller, TX","16000US4838632","keller-tx",193504,36493,1906,7.0304302203567675,192529,0.5064172150688987,10.26673376950176
10,"Arts, Entertainment, & Recreation, & Accommodation & Food Services",16,"Arts, Entertainment, & Recreation",2014,"2014","04000US48","Texas",457,151.4859729479928,1.0702786806707743,"Keller, TX","16000US4838632","keller-tx",35235,32291,485,-5.77319587628866,29513,19.388066275878426,2.299949672873679
10,"Arts, Entertainment, & Recreation, & Accommodation & Food Services",17,"Accommodation & Food Services",2014,"2014","04000US48","Texas",781,239.94374340665772,0.5355123953056699,"Keller, TX","16000US4838632","keller-tx",25714,18368,739,5.683355886332882,22146,16.11126162738192,3.9305485656769
11,"Other Services, Except Public Administration (Group)",18,"Other Services, Except Public Administration",2014,"2014","04000US48","Texas",1062,243.977457975117,1.0778427124213117,"Keller, TX","16000US4838632","keller-tx",,,1052,0.9505703422053232,,NaN,5.3447408152994464
12,"Public Administration (Group)",19,"Public Administration",2014,"2014","04000US48","Texas",635,162.0493751916372,0.6496619166339267,"Keller, TX","16000US4838632","keller-tx",121107,38392,624,1.7628205128205128,127312,-4.873853211009174,3.1957725213890287
0,"Agriculture, Forestry, Fishing & Hunting, & Mining",0,"Agriculture, Forestry, Fishing & Hunting",2013,"2013","04000US48","Texas",0,38.18376618407357,0,"Keller, TX","16000US4838632","keller-tx",,,,NaN,,NaN,0
0,"Agriculture, Forestry, Fishing & Hunting, & Mining",1,"Mining, Quarrying, & Oil & Gas Extraction",2013,"2013","04000US48","Texas",196,108.18964830333813,1.7719583000283448,"Keller, TX","16000US4838632","keller-tx",190625,180903,,NaN,,NaN,0.9931593615404105
1,"Construction (Group)",2,"Construction",2013,"2013","04000US48","Texas",896,212.8778992756176,0.7265941555686599,"Keller, TX","16000US4838632","keller-tx",81443,29687,,NaN,,NaN,4.540157081327591
2,"Manufacturing (Group)",3,"Manufacturing",2013,"2013","04000US48","Texas",2588,353.76404565755405,1.2513124861168423,"Keller, TX","16000US4838632","keller-tx",201100,21746,,NaN,,NaN,13.113757284013175
3,"Wholesale Trade (Group)",4,"Wholesale Trade",2013,"2013","04000US48","Texas",767,190.2761151589973,1.4001369971607192,"Keller, TX","16000US4838632","keller-tx",179632,48302,,NaN,,NaN,3.88649607296681
4,"Retail Trade (Group)",5,"Retail Trade",2013,"2013","04000US48","Texas",2388,362.6927073984256,1.045742836561075,"Keller, TX","16000US4838632","keller-tx",49149,14675,,NaN,,NaN,12.10032936407398
5,"Transportation & Warehousing, & Utilities",6,"Transportation & Warehousing",2013,"2013","04000US48","Texas",1901,293.20470664707955,2.365435387513118,"Keller, TX","16000US4838632","keller-tx",127731,14637,,NaN,,NaN,9.632632379022041
5,"Transportation & Warehousing, & Utilities",7,"Utilities",2013,"2013","04000US48","Texas",121,90.13878188659973,0.70511937491499,"Keller, TX","16000US4838632","keller-tx",59507,12724,,NaN,,NaN,0.6131238915632126
6,"Information (Group)",8,"Information",2013,"2013","04000US48","Texas",520,145.3409783921933,1.2230437947331938,"Keller, TX","16000US4838632","keller-tx",193111,97103,,NaN,,NaN,2.634912591841905
7,"Finance & Insurance, & Real Estate & Rental & Leasing",9,"Finance & Insurance",2013,"2013","04000US48","Texas",1494,271.1825953117198,1.5844350737713082,"Keller, TX","16000US4838632","keller-tx",141431,19916,,NaN,,NaN,7.570306561945782
7,"Finance & Insurance, & Real Estate & Rental & Leasing",10,"Real Estate & Rental & Leasing",2013,"2013","04000US48","Texas",255,104.20172743289815,0.6810380592149511,"Keller, TX","16000US4838632","keller-tx",197917,118949,,NaN,,NaN,1.2921205979224728
8,"Professional, Scientific, & Management, & Administrative & Waste Management Services",11,"Professional, Scientific, & Technical Services",2013,"2013","04000US48","Texas",1719,267.4696244435992,1.3352073601614365,"Keller, TX","16000US4838632","keller-tx",154013,32549,,NaN,,NaN,8.710412971877375
8,"Professional, Scientific, & Management, & Administrative & Waste Management Services",12,"Management of Companies & Enterprises",2013,"2013","04000US48","Texas",39,47.43416490252569,2.5723561498481677,"Keller, TX","16000US4838632","keller-tx",158542,96096,,NaN,,NaN,0.19761844438814288
8,"Professional, Scientific, & Management, & Administrative & Waste Management Services",13,"Administrative & Support & Waste Management Services",2013,"2013","04000US48","Texas",476,169.799882214329,0.5763573174846638,"Keller, TX","16000US4838632","keller-tx",89777,95710,,NaN,,NaN,2.4119584494552826
9,"Educational Services, & Health Care & Social Assistance",14,"Educational Services",2013,"2013","04000US48","Texas",1569,266.7376988728814,0.8400340277492117,"Keller, TX","16000US4838632","keller-tx",100973,10023,,NaN,,NaN,7.95034203192298
9,"Educational Services, & Health Care & Social Assistance",15,"Health Care & Social Assistance",2013,"2013","04000US48","Texas",1906,295.37264599146624,0.7046262343759185,"Keller, TX","16000US4838632","keller-tx",192529,74900,,NaN,,NaN,9.657968077020522
10,"Arts, Entertainment, & Recreation, & Accommodation & Food Services",16,"Arts, Entertainment, & Recreation",2013,"2013","04000US48","Texas",485,149.24141516348604,1.1529626850334094,"Keller, TX","16000US4838632","keller-tx",29513,11753,,NaN,,NaN,2.457562705852546
10,"Arts, Entertainment, & Recreation, & Accommodation & Food Services",17,"Accommodation & Food Services",2013,"2013","04000US48","Texas",739,194,0.5188279164193622,"Keller, TX","16000US4838632","keller-tx",22146,7355,,NaN,,NaN,3.7446161641753233
11,"Other Services, Except Public Administration (Group)",18,"Other Services, Except Public Administration",2013,"2013","04000US48","Texas",1052,279.37966998334,1.0737299581071937,"Keller, TX","16000US4838632","keller-tx",,,,NaN,,NaN,5.330630858880162
12,"Public Administration (Group)",19,"Public Administration",2013,"2013","04000US48","Texas",624,176.20442673213404,0.6377000722141274,"Keller, TX","16000US4838632","keller-tx",127312,70534,,NaN,,NaN,3.161895110210286