ID Group,Group,ID Subgroup,Subgroup,ID Occupation,Occupation,ID Year,Year,ID State,State,Workforce by Occupation and Gender,Workforce by Occupation and Gender Moe,ACS Occupation yg RCA,Geography,ID Geography,Slug Geography,Median Earnings,Median Earnings Moe,Workforce Prev,Workforce Growth,Median Earnings Prev,Median Earnings Growth,Share
0,"Management, Business, Science, & Arts Occupations",0,"Management, Business, & Financial Occupations",0,"Management Occupations",2021,"2021","04000US48","Texas",4491,446.81651715217515,1.7811107426655828,"Coppell, TX","16000US4816612","coppell-tx",252352,15374,4458,0.7402422611036339,234477,7.623348985188312,19.202154951257057
0,"Management, Business, Science, & Arts Occupations",0,"Management, Business, & Financial Occupations",1,"Business & Financial Operations Occupations",2021,"2021","04000US48","Texas",2644,391.9004975755964,2.0003833340868398,"Coppell, TX","16000US4816612","coppell-tx",201900,28926,2605,1.4971209213051824,198620,1.651394622897996,11.304942705661022
0,"Management, Business, Science, & Arts Occupations",1,"Computer, Engineering, & Science Occupations",2,"Computer & Mathematical Occupations",2021,"2021","04000US48","Texas",2505,343.05247412021384,3.159365289821763,"Coppell, TX","16000US4816612","coppell-tx",198403,27963,2157,16.133518776077885,188022,5.521162417163949,10.710620831195484
0,"Management, Business, Science, & Arts Occupations",1,"Computer, Engineering, & Science Occupations",3,"Architecture & Engineering Occupations",2021,"2021","04000US48","Texas",696,170.17637908946116,1.4426792877047099,"Coppell, TX","16000US4816612","coppell-tx",210139,72213,584,19.17808219178082,187452,12.102831658237841,2.9758850692662904
0,"Management, Business, Science, & Arts Occupations",1,"Computer, Engineering, & Science Occupations",4,"Life, Physical, & Social Science Occupations",2021,"2021","04000US48","Texas",331,175.68437608393072,1.356916497687328,"Coppell, TX","16000US4816612","coppell-tx",275629,99254,322,2.7950310559006213,254364,8.360066676101964,1.4152556866769284
0,"Management, Business, Science, & Arts Occupations",2,"Education, Legal, Community Service, Arts, & Media Occupations",5,"Community & Social Service Occupations",2021,"2021","04000US48","Texas",200,99.35793878699377,0.4786784484518902,"Coppell, TX","16000US4816612","coppell-tx",84861,9780,141,41.843971631205676,87018,-2.478797490174447,0.8551393877201984
0,"Management, Business, Science, & Arts Occupations",2,"Education, Legal, Community Service, Arts, & Media Occupations",6,"Legal Occupations",2021,"2021","04000US48","Texas",434,125.53883861180174,1.5872684446259455,"Coppell, TX","16000US4816612","coppell-tx",241094,94082,322,34.78260869565217,287855,-16.24463705685154,1.8556524713528304
0,"Management, Business, Science, & Arts Occupations",2,"Education, Legal, Community Service, Arts, & Media Occupations",7,"Education Instruction, & Library Occupations",2021,"2021","04000US48","Texas",1375,243.11519903124113,0.9534441930269273,"Coppell, TX","16000US4816612","coppell-tx",88804,23743,1538,-10.598179453836151,85423,3.9579504348945833,5.8790832905763635
0,"Management, Business, Science, & Arts Occupations",2,"Education, Legal, Community Service, Arts, & Media Occupations",8,"Arts, Design, Entertainment, Sports, & Media Occupations",2021,"2021","04000US48","Texas",379,126.0634760745554,0.7921760771304063,"Coppell, TX","16000US4816612","coppell-tx",120205,34442,500,-24.2,115648,3.940405368013282,1.620489139729776
0,"Management, Business, Science, & Arts Occupations",3,"Healthcare Practitioners & Technical Occupations",9,"Health Diagnosing & Treating Practitioners & Other Technical Occupations",2021,"2021","04000US48","Texas",1213,264.372842780797,1.2236382786793416,"Coppell, TX","16000US4816612","coppell-tx",240644,67609,1235,-1.7813765182186234,216013,11.402554475888026,5.186420386523003
0,"Management, Business, Science, & Arts Occupations",3,"Healthcare Practitioners & Technical Occupations",10,"Health Technologists & Technicians",2021,"2021","04000US48","Texas",360,170.18225524419404,0.784857763432027,"Coppell, TX","16000US4816612","coppell-tx",67274,92484,330,9.090909090909092,64245,4.7147637948478485,1.539250897896357
1,"Service Occupations",4,"Service Occupations",11,"Healthcare Support Occupations",2021,"2021","04000US48","Texas",332,151.16216457830976,0.43296465866395045,"Coppell, TX","16000US4816612","coppell-tx",72354,32558,334,-0.5988023952095809,58081,24.57430140665622,1.4195313836155294
1,"Service Occupations",4,"Service Occupations",14,"Food Preparation & Serving Related Occupations",2021,"2021","04000US48","Texas",994,339.9426422207134,0.7901299187952711,"Coppell, TX","16000US4816612","coppell-tx",32602,19429,657,51.2937595129376,15049,116.63897933417502,4.250042756969386
1,"Service Occupations",4,"Service Occupations",15,"Building & Grounds Cleaning & Maintenance Occupations",2021,"2021","04000US48","Texas",83,69.46221994724903,0.09878386330722361,"Coppell, TX","16000US4816612","coppell-tx",37917,42379,119,-30.252100840336134,36550,3.7400820793433653,0.35488284590388236
1,"Service Occupations",4,"Service Occupations",16,"Personal Care & Service Occupations",2021,"2021","04000US48","Texas",289,108.25894882179487,0.46925090495563354,"Coppell, TX","16000US4816612","coppell-tx",35841,43338,266,8.646616541353383,50149,-28.530977686494246,1.2356764152556867
1,"Service Occupations",5,"Protective Service Occupations",12,"Fire Fighting & Prevention, & Other Protective Service Workers Including Supervisors",2021,"2021","04000US48","Texas",264,114.94781424629178,0.9587376023822706,"Coppell, TX","16000US4816612","coppell-tx",238100,345242,330,-20,88340,169.52682816391217,1.1287839917906617
2,"Sales & Office Occupations",6,"Sales & Office Occupations",17,"Sales & Related Occupations",2021,"2021","04000US48","Texas",2534,378.4772119956498,1.1089948132093927,"Coppell, TX","16000US4816612","coppell-tx",145703,25231,2679,-5.412467338559164,140703,3.553584500685842,10.834616042414913
2,"Sales & Office Occupations",6,"Sales & Office Occupations",18,"Office & Administrative Support Occupations",2021,"2021","04000US48","Texas",2641,395.77392536649,1.017897129555655,"Coppell, TX","16000US4816612","coppell-tx",90297,12231,2397,10.17939090529829,103336,-12.618061469381436,11.29211561484522
3,"Natural Resources, Construction, & Maintenance Occupations",7,"Natural Resources, Construction, & Maintenance Occupations",20,"Construction & Extraction Occupations",2021,"2021","04000US48","Texas",270,130.86252328302402,0.22983124633649568,"Coppell, TX","16000US4816612","coppell-tx",48750,24676,263,2.6615969581749046,39338,23.92597488433576,1.154438173422268
3,"Natural Resources, Construction, & Maintenance Occupations",7,"Natural Resources, Construction, & Maintenance Occupations",21,"Installation, Maintenance, & Repair Occupations",2021,"2021","04000US48","Texas",184,115.94826432508596,0.256437431862514,"Coppell, TX","16000US4816612","coppell-tx",73082,49299,239,-23.01255230125523,47500,53.856842105263155,0.7867282367025824
4,"Production, Transportation, & Material Moving Occupations",8,"Production, Transportation, & Material Moving Occupations",22,"Production Occupations",2021,"2021","04000US48","Texas",368,130.18832512940628,0.2849057303449073,"Coppell, TX","16000US4816612","coppell-tx",83344,42505,422,-12.796208530805686,76024,9.628538356308534,1.5734564734051648
4,"Production, Transportation, & Material Moving Occupations",8,"Production, Transportation, & Material Moving Occupations",23,"Transportation Occupations",2021,"2021","04000US48","Texas",294,117.88553770501282,0.329219833136766,"Coppell, TX","16000US4816612","coppell-tx",110329,104062,405,-27.40740740740741,120590,-8.508997429305913,1.2570548999486917
0,"Management, Business, Science, & Arts Occupations",0,"Management, Business, & Financial Occupations",0,"Management Occupations",2020,"2020","04000US48","Texas",4458,388.07473507045006,1.8663692932955136,"Coppell, TX","16000US4816612","coppell-tx",234477,19864,4055,9.938347718865598,238860,-1.8349660889223813,19.603359570819226
0,"Management, Business, Science, & Arts Occupations",0,"Management, Business, & Financial Occupations",1,"Business & Financial Operations Occupations",2020,"2020","04000US48","Texas",2605,359.25478424093393,2.074265084103163,"Coppell, TX","16000US4816612","coppell-tx",198620,27465,2749,-5.23826846125864,175380,13.251225909453757,11.455081130996877
0,"Management, Business, Science, & Arts Occupations",1,"Computer, Engineering, & Science Occupations",2,"Computer & Mathematical Occupations",2020,"2020","04000US48","Texas",2157,287.0278732109479,2.9147794152064335,"Coppell, TX","16000US4816612","coppell-tx",188022,21719,2272,-5.061619718309859,176893,6.291373881385923,9.48507101710567
0,"Management, Business, Science, & Arts Occupations",1,"Computer, Engineering, & Science Occupations",3,"Architecture & Engineering Occupations",2020,"2020","04000US48","Texas",584,184.89456454963732,1.2961519343726475,"Coppell, TX","16000US4816612","coppell-tx",187452,21884,639,-8.607198748043817,198104,-5.376973710778177,2.568048898465327
0,"Management, Business, Science, & Arts Occupations",1,"Computer, Engineering, & Science Occupations",4,"Life, Physical, & Social Science Occupations",2020,"2020","04000US48","Texas",322,170.20575783445165,1.424863638681259,"Coppell, TX","16000US4816612","coppell-tx",254364,101764,255,26.27450980392157,149444,70.20690024356949,1.415944769359307
0,"Management, Business, Science, & Arts Occupations",2,"Education, Legal, Community Service, Arts, & Media Occupations",5,"Community & Social Service Occupations",2020,"2020","04000US48","Texas",141,70.83078426785912,0.34918046660648555,"Coppell, TX","16000US4816612","coppell-tx",87018,48058,186,-24.193548387096776,87083,-0.07464143403419726,0.6200255045952244
0,"Management, Business, Science, & Arts Occupations",2,"Education, Legal, Community Service, Arts, & Media Occupations",6,"Legal Occupations",2020,"2020","04000US48","Texas",322,107.16809226630843,1.2403031940140805,"Coppell, TX","16000US4816612","coppell-tx",287855,159458,404,-20.2970297029703,267750,7.508870214752568,1.415944769359307
0,"Management, Business, Science, & Arts Occupations",2,"Education, Legal, Community Service, Arts, & Media Occupations",7,"Education Instruction, & Library Occupations",2020,"2020","04000US48","Texas",1538,290.8745434031655,1.103852225727184,"Coppell, TX","16000US4816612","coppell-tx",85423,19340,1525,0.8524590163934427,85930,-0.5900151285930408,6.76311507849259
0,"Management, Business, Science, & Arts Occupations",2,"Education, Legal, Community Service, Arts, & Media Occupations",8,"Arts, Design, Entertainment, Sports, & Media Occupations",2020,"2020","04000US48","Texas",500,145.60219778561034,1.0762510959231328,"Coppell, TX","16000US4816612","coppell-tx",115648,51026,624,-19.871794871794872,103851,11.359543962022514,2.198672002110725
0,"Management, Business, Science, & Arts Occupations",3,"Healthcare Practitioners & Technical Occupations",9,"Health Diagnosing & Treating Practitioners & Other Technical Occupations",2020,"2020","04000US48","Texas",1235,265.83077323741134,1.3036905212010812,"Coppell, TX","16000US4816612","coppell-tx",216013,41299,1360,-9.191176470588236,201466,7.220573198455322,5.430719845213491
0,"Management, Business, Science, & Arts Occupations",3,"Healthcare Practitioners & Technical Occupations",10,"Health Technologists & Technicians",2020,"2020","04000US48","Texas",330,168.12197952677099,0.7401220686653353,"Coppell, TX","16000US4816612","coppell-tx",64245,119174,266,24.06015037593985,142329,-54.86162342179036,1.4511235213930784
1,"Service Occupations",4,"Service Occupations",11,"Healthcare Support Occupations",2020,"2020","04000US48","Texas",334,136.1800279042415,0.44852354698064095,"Coppell, TX","16000US4816612","coppell-tx",58081,28950,403,-17.121588089330025,61672,-5.8227396549487604,1.4687128974099644
1,"Service Occupations",4,"Service Occupations",14,"Food Preparation & Serving Related Occupations",2020,"2020","04000US48","Texas",657,259.88651369395836,0.5199627122708123,"Coppell, TX","16000US4816612","coppell-tx",15049,13016,555,18.37837837837838,26349,-42.88587802193632,2.889055010773493
1,"Service Occupations",4,"Service Occupations",15,"Building & Grounds Cleaning & Maintenance Occupations",2020,"2020","04000US48","Texas",119,74.30343195303969,0.1422816800474152,"Coppell, TX","16000US4816612","coppell-tx",36550,28274,135,-11.851851851851853,36126,1.1736699330122349,0.5232839365023526
1,"Service Occupations",4,"Service Occupations",16,"Personal Care & Service Occupations",2020,"2020","04000US48","Texas",266,98.79271228182775,0.4278831702519502,"Coppell, TX","16000US4816612","coppell-tx",50149,137407,336,-20.833333333333336,48376,3.6650405159583266,1.1696935051229058
1,"Service Occupations",5,"Protective Service Occupations",12,"Fire Fighting & Prevention, & Other Protective Service Workers Including Supervisors",2020,"2020","04000US48","Texas",330,131.48764200486676,1.2378150463575672,"Coppell, TX","16000US4816612","coppell-tx",88340,262079,277,19.133574007220215,100013,-11.671482707248058,1.4511235213930784
1,"Service Occupations",5,"Protective Service Occupations",13,"Law Enforcement Workers Including Supervisors",2020,"2020","04000US48","Texas",55,56.60388679233962,0.2501719305693335,"Coppell, TX","16000US4816612","coppell-tx",97578,36776,61,-9.836065573770492,81705,19.427207637231504,0.24185392023217978
2,"Sales & Office Occupations",6,"Sales & Office Occupations",17,"Sales & Related Occupations",2020,"2020","04000US48","Texas",2679,353.0580688781946,1.1776035212670812,"Coppell, TX","16000US4816612","coppell-tx",140703,21344,2733,-1.9758507135016465,129515,8.638381654634598,11.780484587309264
2,"Sales & Office Occupations",6,"Sales & Office Occupations",18,"Office & Administrative Support Occupations",2020,"2020","04000US48","Texas",2397,350.61232151765574,0.9307931015197297,"Coppell, TX","16000US4816612","coppell-tx",103336,38626,2301,4.172099087353325,103723,-0.3731091464766734,10.540433578118815
3,"Natural Resources, Construction, & Maintenance Occupations",7,"Natural Resources, Construction, & Maintenance Occupations",20,"Construction & Extraction Occupations",2020,"2020","04000US48","Texas",263,137.1313239198105,0.2299905100879148,"Coppell, TX","16000US4816612","coppell-tx",39338,18236,290,-9.310344827586208,42917,-8.339352704056667,1.1565014731102414
3,"Natural Resources, Construction, & Maintenance Occupations",7,"Natural Resources, Construction, & Maintenance Occupations",21,"Installation, Maintenance, & Repair Occupations",2020,"2020","04000US48","Texas",239,125.1718818265508,0.3427258634727101,"Coppell, TX","16000US4816612","coppell-tx",47500,39295,218,9.63302752293578,48359,-1.7762981037655865,1.0509652170089268
4,"Production, Transportation, & Material Moving Occupations",8,"Production, Transportation, & Material Moving Occupations",22,"Production Occupations",2020,"2020","04000US48","Texas",422,144.99655168313484,0.33240014260355205,"Coppell, TX","16000US4816612","coppell-tx",76024,35341,459,-8.061002178649238,76238,-0.2806999134289987,1.855679169781452
4,"Production, Transportation, & Material Moving Occupations",8,"Production, Transportation, & Material Moving Occupations",23,"Transportation Occupations",2020,"2020","04000US48","Texas",405,142.6359001093343,0.46791588963718234,"Coppell, TX","16000US4816612","coppell-tx",120590,215523,404,0.24752475247524752,121234,-0.5312041176567629,1.7809243217096875
0,"Management, Business, Science, & Arts Occupations",0,"Management, Business, & Financial Occupations",0,"Management Occupations",2019,"2019","04000US48","Texas",4055,348.81083698761427,1.7251271995548618,"Coppell, TX","16000US4816612","coppell-tx",238860,25449,3849,5.352039490776825,233125,2.460053619302949,17.615117289313638
0,"Management, Business, Science, & Arts Occupations",0,"Management, Business, & Financial Occupations",1,"Business & Financial Operations Occupations",2019,"2019","04000US48","Texas",2749,313.2602751706638,2.228744512516942,"Coppell, TX","16000US4816612","coppell-tx",175380,32254,2878,-4.48227936066713,166879,5.094110103727851,11.941789748045178
0,"Management, Business, Science, & Arts Occupations",1,"Computer, Engineering, & Science Occupations",2,"Computer & Mathematical Occupations",2019,"2019","04000US48","Texas",2272,287.5865087238969,3.1566657566731156,"Coppell, TX","16000US4816612","coppell-tx",176893,13622,2214,2.619692863595303,168070,5.249598381626703,9.869678540399653
0,"Management, Business, Science, & Arts Occupations",1,"Computer, Engineering, & Science Occupations",3,"Architecture & Engineering Occupations",2019,"2019","04000US48","Texas",639,151.99013125857877,1.458710960645389,"Coppell, TX","16000US4816612","coppell-tx",198104,52683,662,-3.474320241691843,215375,-8.019036564132326,2.775847089487402
0,"Management, Business, Science, & Arts Occupations",1,"Computer, Engineering, & Science Occupations",4,"Life, Physical, & Social Science Occupations",2019,"2019","04000US48","Texas",255,109.62207806824318,1.158439100754805,"Coppell, TX","16000US4816612","coppell-tx",149444,290463,248,2.82258064516129,155099,-3.646058324038195,1.107732406602954
0,"Management, Business, Science, & Arts Occupations",2,"Education, Legal, Community Service, Arts, & Media Occupations",5,"Community & Social Service Occupations",2019,"2019","04000US48","Texas",186,92.95697929687691,0.4619062148329762,"Coppell, TX","16000US4816612","coppell-tx",87083,99213,290,-35.86206896551724,77232,12.75507561632484,0.8079930495221547
0,"Management, Business, Science, & Arts Occupations",2,"Education, Legal, Community Service, Arts, & Media Occupations",6,"Legal Occupations",2019,"2019","04000US48","Texas",404,122.78843593759144,1.5823091866998258,"Coppell, TX","16000US4816612","coppell-tx",267750,141842,442,-8.597285067873303,285625,-6.258205689277899,1.7549956559513464
0,"Management, Business, Science, & Arts Occupations",2,"Education, Legal, Community Service, Arts, & Media Occupations",7,"Education Instruction, & Library Occupations",2019,"2019","04000US48","Texas",1525,273.9069184960467,1.0932284923850333,"Coppell, TX","16000US4816612","coppell-tx",85930,31711,1584,-3.7247474747474745,110530,-22.256400977110285,6.624674196350999
0,"Management, Business, Science, & Arts Occupations",2,"Education, Legal, Community Service, Arts, & Media Occupations",8,"Arts, Design, Entertainment, Sports, & Media Occupations",2019,"2019","04000US48","Texas",624,159.1540134586621,1.340445049756812,"Coppell, TX","16000US4816612","coppell-tx",103851,34011,677,-7.828655834564254,102820,1.002723205602023,2.710686359687229
0,"Management, Business, Science, & Arts Occupations",3,"Healthcare Practitioners & Technical Occupations",9,"Health Diagnosing & Treating Practitioners & Other Technical Occupations",2019,"2019","04000US48","Texas",1360,241.76021178018522,1.4483862830278957,"Coppell, TX","16000US4816612","coppell-tx",201466,26480,1452,-6.336088154269973,205813,-2.1121114798384943,5.907906168549087
0,"Management, Business, Science, & Arts Occupations",3,"Healthcare Practitioners & Technical Occupations",10,"Health Technologists & Technicians",2019,"2019","04000US48","Texas",266,117.32433677630571,0.593410328905297,"Coppell, TX","16000US4816612","coppell-tx",142329,50607,317,-16.08832807570978,151424,-6.006313398140321,1.1555169417897482
1,"Service Occupations",4,"Service Occupations",11,"Healthcare Support Occupations",2019,"2019","04000US48","Texas",403,168.23792675850473,0.5359094180140965,"Coppell, TX","16000US4816612","coppell-tx",61672,38865,259,55.5984555984556,44211,39.49469589016309,1.7506516072980018
1,"Service Occupations",4,"Service Occupations",14,"Food Preparation & Serving Related Occupations",2019,"2019","04000US48","Texas",555,174.91712323268985,0.42066349224334015,"Coppell, TX","16000US4816612","coppell-tx",26349,21897,579,-4.145077720207254,23000,14.560869565217391,2.410947002606429
1,"Service Occupations",4,"Service Occupations",15,"Building & Grounds Cleaning & Maintenance Occupations",2019,"2019","04000US48","Texas",135,78.77182237323191,0.15385912013631065,"Coppell, TX","16000US4816612","coppell-tx",36126,23991,143,-5.594405594405594,35032,3.122859100251199,0.5864465682015638
1,"Service Occupations",4,"Service Occupations",16,"Personal Care & Service Occupations",2019,"2019","04000US48","Texas",336,119.870763741623,0.519057623392805,"Coppell, TX","16000US4816612","coppell-tx",48376,103285,468,-28.205128205128204,37935,27.523395281402397,1.4596003475238923
1,"Service Occupations",5,"Protective Service Occupations",12,"Fire Fighting & Prevention, & Other Protective Service Workers Including Supervisors",2019,"2019","04000US48","Texas",277,109.48059188732951,1.025595771654021,"Coppell, TX","16000US4816612","coppell-tx",100013,293813,342,-19.005847953216374,190011,-47.36462625847977,1.2033014769765422
1,"Service Occupations",5,"Protective Service Occupations",13,"Law Enforcement Workers Including Supervisors",2019,"2019","04000US48","Texas",61,55.2268050859363,0.27649570711991206,"Coppell, TX","16000US4816612","coppell-tx",81705,10966,53,15.09433962264151,77284,5.720459603540189,0.26498696785403997
2,"Sales & Office Occupations",6,"Sales & Office Occupations",17,"Sales & Related Occupations",2019,"2019","04000US48","Texas",2733,335.243195307526,1.1622216808142227,"Coppell, TX","16000US4816612","coppell-tx",129515,40684,2815,-2.9129662522202486,127650,1.4610262436349393,11.872284969591659
2,"Sales & Office Occupations",6,"Sales & Office Occupations",18,"Office & Administrative Support Occupations",2019,"2019","04000US48","Texas",2301,298.0067113338221,0.8757089104267548,"Coppell, TX","16000US4816612","coppell-tx",103723,24672,2166,6.232686980609419,106129,-2.2670523608061885,9.995655951346654
3,"Natural Resources, Construction, & Maintenance Occupations",7,"Natural Resources, Construction, & Maintenance Occupations",20,"Construction & Extraction Occupations",2019,"2019","04000US48","Texas",290,137.10215169719254,0.24717314106082658,"Coppell, TX","16000US4816612","coppell-tx",42917,13384,318,-8.80503144654088,42321,1.4082843033009618,1.259774109470026
3,"Natural Resources, Construction, & Maintenance Occupations",7,"Natural Resources, Construction, & Maintenance Occupations",21,"Installation, Maintenance, & Repair Occupations",2019,"2019","04000US48","Texas",218,80.52949770115296,0.3071036706230417,"Coppell, TX","16000US4816612","coppell-tx",48359,4558,217,0.4608294930875576,48864,-1.0334806810740014,0.947002606429192
4,"Production, Transportation, & Material Moving Occupations",8,"Production, Transportation, & Material Moving Occupations",22,"Production Occupations",2019,"2019","04000US48","Texas",459,137.0109484676316,0.3483966166987417,"Coppell, TX","16000US4816612","coppell-tx",76238,42614,378,21.428571428571427,79603,-4.227227617049609,1.9939183318853173
4,"Production, Transportation, & Material Moving Occupations",8,"Production, Transportation, & Material Moving Occupations",23,"Transportation Occupations",2019,"2019","04000US48","Texas",404,137.7679207943562,0.46214618184130474,"Coppell, TX","16000US4816612","coppell-tx",121234,99396,398,1.507537688442211,129794,-6.595066027705442,1.7549956559513464
0,"Management, Business, Science, & Arts Occupations",0,"Management, Business, & Financial Occupations",0,"Management Occupations",2018,"2018","04000US48","Texas",3849,310.6332242372023,1.6688523904588557,"Coppell, TX","16000US4816612","coppell-tx",233125,25314,3872,-0.59400826446281,226836,2.772487612195595,16.67749902508774
0,"Management, Business, Science, & Arts Occupations",0,"Management, Business, & Financial Occupations",1,"Business & Financial Operations Occupations",2018,"2018","04000US48","Texas",2878,354.9929576766277,2.3459331939831216,"Coppell, TX","16000US4816612","coppell-tx",166879,27681,2811,2.3834934187122023,175515,-4.920377175739965,12.470211014342041
0,"Management, Business, Science, & Arts Occupations",1,"Computer, Engineering, & Science Occupations",2,"Computer & Mathematical Occupations",2018,"2018","04000US48","Texas",2214,284.39760899135564,3.1620605158212016,"Coppell, TX","16000US4816612","coppell-tx",168070,15744,2088,6.0344827586206895,175196,-4.067444462202333,9.593136617704406
0,"Management, Business, Science, & Arts Occupations",1,"Computer, Engineering, & Science Occupations",3,"Architecture & Engineering Occupations",2018,"2018","04000US48","Texas",662,146.86047800548656,1.552456239555628,"Coppell, TX","16000US4816612","coppell-tx",215375,70435,658,0.60790273556231,204188,5.478774462750015,2.8684085099007754
0,"Management, Business, Science, & Arts Occupations",1,"Computer, Engineering, & Science Occupations",4,"Life, Physical, & Social Science Occupations",2018,"2018","04000US48","Texas",248,99.80981915623332,1.158918103341849,"Coppell, TX","16000US4816612","coppell-tx",155099,187866,210,18.095238095238095,146359,5.971617734474819,1.0745699553706833
0,"Management, Business, Science, & Arts Occupations",2,"Education, Legal, Community Service, Arts, & Media Occupations",5,"Community & Social Service Occupations",2018,"2018","04000US48","Texas",290,109.87720418721982,0.7267264815690494,"Coppell, TX","16000US4816612","coppell-tx",77232,39131,312,-7.051282051282051,63823,21.009667361296085,1.2565535768447507
0,"Management, Business, Science, & Arts Occupations",2,"Education, Legal, Community Service, Arts, & Media Occupations",6,"Legal Occupations",2018,"2018","04000US48","Texas",442,130.20752666416791,1.735874809129418,"Coppell, TX","16000US4816612","coppell-tx",285625,120012,435,1.6091954022988506,313706,-8.951374854162815,1.915160968846137
0,"Management, Business, Science, & Arts Occupations",2,"Education, Legal, Community Service, Arts, & Media Occupations",7,"Education Instruction, & Library Occupations",2018,"2018","04000US48","Texas",1584,218.28879952943075,1.1387776209032392,"Coppell, TX","16000US4816612","coppell-tx",110530,43765,1534,3.259452411994785,92750,19.169811320754718,6.8633822955933965
0,"Management, Business, Science, & Arts Occupations",2,"Education, Legal, Community Service, Arts, & Media Occupations",8,"Arts, Design, Entertainment, Sports, & Media Occupations",2018,"2018","04000US48","Texas",677,192.87560758167427,1.4650566556339546,"Coppell, TX","16000US4816612","coppell-tx",102820,33033,659,2.731411229135053,106001,-3.0009150857067386,2.933402660427228
0,"Management, Business, Science, & Arts Occupations",3,"Healthcare Practitioners & Technical Occupations",9,"Health Diagnosing & Treating Practitioners & Other Technical Occupations",2018,"2018","04000US48","Texas",1452,240.2852471542937,1.5662342839101167,"Coppell, TX","16000US4816612","coppell-tx",205813,40524,1209,20.099255583126553,197868,4.0153031313805165,6.291433770960614
0,"Management, Business, Science, & Arts Occupations",3,"Healthcare Practitioners & Technical Occupations",10,"Health Technologists & Technicians",2018,"2018","04000US48","Texas",317,131.47243057006287,0.7075139838266404,"Coppell, TX","16000US4816612","coppell-tx",151424,56305,251,26.294820717131472,176489,-14.20201825609528,1.3735430477923654
1,"Service Occupations",4,"Service Occupations",11,"Healthcare Support Occupations",2018,"2018","04000US48","Texas",259,105.6882207249228,0.3450947583685342,"Coppell, TX","16000US4816612","coppell-tx",44211,280090,225,15.11111111111111,55786,-20.748933424156597,1.1222323324234154
1,"Service Occupations",4,"Service Occupations",14,"Food Preparation & Serving Related Occupations",2018,"2018","04000US48","Texas",579,189.76037521042164,0.4349559463426265,"Coppell, TX","16000US4816612","coppell-tx",23000,21527,598,-3.177257525083612,21875,5.142857142857142,2.508774210321071
1,"Service Occupations",4,"Service Occupations",15,"Building & Grounds Cleaning & Maintenance Occupations",2018,"2018","04000US48","Texas",143,81.54140052758476,0.15992324379026474,"Coppell, TX","16000US4816612","coppell-tx",35032,18867,265,-46.0377358490566,38484,-8.969961542459204,0.619610901685515
1,"Service Occupations",4,"Service Occupations",16,"Personal Care & Service Occupations",2018,"2018","04000US48","Texas",468,127.534309109353,0.718751435402639,"Coppell, TX","16000US4816612","coppell-tx",37935,53671,500,-6.4,32384,17.141180830039527,2.027817496425322
1,"Service Occupations",5,"Protective Service Occupations",12,"Fire Fighting & Prevention, & Other Protective Service Workers Including Supervisors",2018,"2018","04000US48","Texas",342,134.82581355215328,1.2641388232671282,"Coppell, TX","16000US4816612","coppell-tx",190011,364199,324,5.555555555555555,55199,244.22906212069057,1.4818666320031197
1,"Service Occupations",5,"Protective Service Occupations",13,"Law Enforcement Workers Including Supervisors",2018,"2018","04000US48","Texas",53,56.435804238089844,0.23724852566293902,"Coppell, TX","16000US4816612","coppell-tx",77284,5567,76,-30.263157894736842,75556,2.287045370321351,0.22964599852679923
2,"Sales & Office Occupations",6,"Sales & Office Occupations",17,"Sales & Related Occupations",2018,"2018","04000US48","Texas",2815,329.00607897119465,1.1721062933312483,"Coppell, TX","16000US4816612","coppell-tx",127650,23808,2642,6.548069644208933,114259,11.719864518331159,12.197235582130942
2,"Sales & Office Occupations",6,"Sales & Office Occupations",18,"Office & Administrative Support Occupations",2018,"2018","04000US48","Texas",2166,286.5047992617226,0.8045565728553435,"Coppell, TX","16000US4816612","coppell-tx",106129,18978,2185,-0.8695652173913043,93806,13.136686352685329,9.385155336019759
3,"Natural Resources, Construction, & Maintenance Occupations",7,"Natural Resources, Construction, & Maintenance Occupations",20,"Construction & Extraction Occupations",2018,"2018","04000US48","Texas",318,142.772546380598,0.27116522527302167,"Coppell, TX","16000US4816612","coppell-tx",42321,17312,311,2.2508038585209005,49107,-13.818803836520251,1.3778759911607956
3,"Natural Resources, Construction, & Maintenance Occupations",7,"Natural Resources, Construction, & Maintenance Occupations",21,"Installation, Maintenance, & Repair Occupations",2018,"2018","04000US48","Texas",217,89.47066558375433,0.30400827570359973,"Coppell, TX","16000US4816612","coppell-tx",48864,20812,290,-25.17241379310345,47702,2.4359565636660934,0.9402487109493479
4,"Production, Transportation, & Material Moving Occupations",8,"Production, Transportation, & Material Moving Occupations",22,"Production Occupations",2018,"2018","04000US48","Texas",378,115.88356225108029,0.2822882036356126,"Coppell, TX","16000US4816612","coppell-tx",79603,53400,527,-28.27324478178368,94297,-15.582680254939183,1.6378525932666061
4,"Production, Transportation, & Material Moving Occupations",8,"Production, Transportation, & Material Moving Occupations",23,"Transportation Occupations",2018,"2018","04000US48","Texas",398,121.82774724995944,0.4617048271056033,"Coppell, TX","16000US4816612","coppell-tx",129794,85728,444,-10.36036036036036,70214,84.85487224769989,1.7245114606352097
0,"Management, Business, Science, & Arts Occupations",0,"Management, Business, & Financial Occupations",0,"Management Occupations",2017,"2017","04000US48","Texas",3872,366.01912518337065,1.6678463724154897,"Coppell, TX","16000US4816612","coppell-tx",226836,19440,4030,-3.9205955334987594,206005,10.111890488094948,17.071557691459812
0,"Management, Business, Science, & Arts Occupations",0,"Management, Business, & Financial Occupations",1,"Business & Financial Operations Occupations",2017,"2017","04000US48","Texas",2811,338.97050019138834,2.5462115586721707,"Coppell, TX","16000US4816612","coppell-tx",175515,19797,2704,3.9571005917159763,163034,7.655458370646613,12.393633437679116
0,"Management, Business, Science, & Arts Occupations",1,"Computer, Engineering, & Science Occupations",2,"Computer & Mathematical Occupations",2017,"2017","04000US48","Texas",2088,312.69953629642623,3.1964837346593025,"Coppell, TX","16000US4816612","coppell-tx",175196,34039,1855,12.560646900269543,176926,-0.9778099318359088,9.205943300559941
0,"Management, Business, Science, & Arts Occupations",1,"Computer, Engineering, & Science Occupations",3,"Architecture & Engineering Occupations",2017,"2017","04000US48","Texas",658,157.6229678695335,1.578014486024117,"Coppell, TX","16000US4816612","coppell-tx",204188,34575,639,2.97339593114241,202076,1.0451513292028742,2.901106653145805
0,"Management, Business, Science, & Arts Occupations",1,"Computer, Engineering, & Science Occupations",4,"Life, Physical, & Social Science Occupations",2017,"2017","04000US48","Texas",210,103.1746092796091,1.0552001408877034,"Coppell, TX","16000US4816612","coppell-tx",146359,309467,188,11.702127659574469,144151,1.53172714722756,0.92588510206781
0,"Management, Business, Science, & Arts Occupations",2,"Education, Legal, Community Service, Arts, & Media Occupations",5,"Community & Social Service Occupations",2017,"2017","04000US48","Texas",312,123.84264209067894,0.8054237066604532,"Coppell, TX","16000US4816612","coppell-tx",63823,36389,327,-4.587155963302752,63976,-0.2391521820682756,1.375600723072175
0,"Management, Business, Science, & Arts Occupations",2,"Education, Legal, Community Service, Arts, & Media Occupations",6,"Legal Occupations",2017,"2017","04000US48","Texas",435,128.03515142334936,1.692240768379745,"Coppell, TX","16000US4816612","coppell-tx",313706,111570,436,-0.22935779816513763,254833,23.102580905926626,1.917904854283321
0,"Management, Business, Science, & Arts Occupations",2,"Education, Legal, Community Service, Arts, & Media Occupations",7,"Education Instruction, & Library Occupations",2017,"2017","04000US48","Texas",1534,241.8139780905976,1.1193070734588058,"Coppell, TX","16000US4816612","coppell-tx",92750,34803,1498,2.403204272363151,94907,-2.2727512196149915,6.763370221771527
0,"Management, Business, Science, & Arts Occupations",2,"Education, Legal, Community Service, Arts, & Media Occupations",8,"Arts, Design, Entertainment, Sports, & Media Occupations",2017,"2017","04000US48","Texas",659,154.0519392932137,1.4696393907596437,"Coppell, TX","16000US4816612","coppell-tx",106001,48830,683,-3.513909224011713,86930,21.93834119406419,2.905515629822318
0,"Management, Business, Science, & Arts Occupations",3,"Healthcare Practitioners & Technical Occupations",9,"Health Diagnosing & Treating Practitioners & Other Technical Occupations",2017,"2017","04000US48","Texas",1209,222.1576017155389,1.3348003441227991,"Coppell, TX","16000US4816612","coppell-tx",197868,41146,1107,9.214092140921409,206875,-4.3538368580060425,5.330452801904678
0,"Management, Business, Science, & Arts Occupations",3,"Healthcare Practitioners & Technical Occupations",10,"Health Technologists & Technicians",2017,"2017","04000US48","Texas",251,105.1094667477673,0.5850829003965765,"Coppell, TX","16000US4816612","coppell-tx",176489,44360,248,1.2096774193548387,169094,4.3733071546004,1.1066531458048585
1,"Service Occupations",4,"Service Occupations",11,"Healthcare Support Occupations",2017,"2017","04000US48","Texas",225,91.52595260361949,0.4150885603205041,"Coppell, TX","16000US4816612","coppell-tx",55786,111296,206,9.223300970873787,63832,-12.604963027948365,0.9920197522155108
1,"Service Occupations",4,"Service Occupations",14,"Food Preparation & Serving Related Occupations",2017,"2017","04000US48","Texas",598,208.27865949251736,0.45479706904369344,"Coppell, TX","16000US4816612","coppell-tx",21875,14561,498,20.080321285140563,32740,-33.185705558949294,2.6365680525550017
1,"Service Occupations",4,"Service Occupations",15,"Building & Grounds Cleaning & Maintenance Occupations",2017,"2017","04000US48","Texas",265,115.99999999999999,0.2992982026253158,"Coppell, TX","16000US4816612","coppell-tx",38484,19485,248,6.854838709677419,38110,0.981369719233797,1.168378819276046
1,"Service Occupations",4,"Service Occupations",16,"Personal Care & Service Occupations",2017,"2017","04000US48","Texas",500,150.2664300500947,0.5919211015663637,"Coppell, TX","16000US4816612","coppell-tx",32384,48054,537,-6.890130353817504,31431,3.032038433393783,2.2044883382566907
1,"Service Occupations",5,"Protective Service Occupations",12,"Fire Fighting & Prevention, & Other Protective Service Workers Including Supervisors",2017,"2017","04000US48","Texas",324,122.723265927859,1.2059559975420029,"Coppell, TX","16000US4816612","coppell-tx",55199,67412,284,14.084507042253522,52539,5.06290565104018,1.4285084431903354
1,"Service Occupations",5,"Protective Service Occupations",13,"Law Enforcement Workers Including Supervisors",2017,"2017","04000US48","Texas",76,64.40496875241847,0.34502067641390405,"Coppell, TX","16000US4816612","coppell-tx",75556,17736,86,-11.627906976744185,74714,1.1269641566506945,0.335082227415017
2,"Sales & Office Occupations",6,"Sales & Office Occupations",17,"Sales & Related Occupations",2017,"2017","04000US48","Texas",2642,308.1833869630224,1.1045033593132867,"Coppell, TX","16000US4816612","coppell-tx",114259,27001,2769,-4.586493318887685,104555,9.281239538998614,11.648516379348353
2,"Sales & Office Occupations",6,"Sales & Office Occupations",18,"Office & Administrative Support Occupations",2017,"2017","04000US48","Texas",2185,262.20030511042506,0.7418086147854218,"Coppell, TX","16000US4816612","coppell-tx",93806,26944,2154,1.4391829155060354,95155,-1.4176869318480374,9.633614038181738
3,"Natural Resources, Construction, & Maintenance Occupations",7,"Natural Resources, Construction, & Maintenance Occupations",20,"Construction & Extraction Occupations",2017,"2017","04000US48","Texas",311,139.83204210766573,0.27222963232853964,"Coppell, TX","16000US4816612","coppell-tx",49107,7172,288,7.986111111111111,47594,3.1789721393452957,1.3711917463956615
3,"Natural Resources, Construction, & Maintenance Occupations",7,"Natural Resources, Construction, & Maintenance Occupations",21,"Installation, Maintenance, & Repair Occupations",2017,"2017","04000US48","Texas",290,123.1665539016173,0.40781620610321095,"Coppell, TX","16000US4816612","coppell-tx",47702,8634,310,-6.451612903225806,46944,1.6146898432174503,1.2786032361888806
4,"Production, Transportation, & Material Moving Occupations",8,"Production, Transportation, & Material Moving Occupations",22,"Production Occupations",2017,"2017","04000US48","Texas",527,142.84257068535274,0.3957169161054953,"Coppell, TX","16000US4816612","coppell-tx",94297,59701,466,13.090128755364807,93489,0.8642728021478462,2.3235307085225516
4,"Production, Transportation, & Material Moving Occupations",8,"Production, Transportation, & Material Moving Occupations",23,"Transportation Occupations",2017,"2017","04000US48","Texas",444,128.3160161476345,0.5324289657843826,"Coppell, TX","16000US4816612","coppell-tx",70214,126743,423,4.964539007092199,128221,-45.23985930541799,1.957585644371941
0,"Management, Business, Science, & Arts Occupations",0,"Management, Business, & Financial Occupations",0,"Management Occupations",2016,"2016","04000US48","Texas",4030,342.6032691029086,1.8070840699958777,"Coppell, TX","16000US4816612","coppell-tx",206005,23670,3713,8.537570697549151,186912,10.214967471323403,18.135181351813518
0,"Management, Business, Science, & Arts Occupations",0,"Management, Business, & Financial Occupations",1,"Business & Financial Operations Occupations",2016,"2016","04000US48","Texas",2704,352.423041244468,2.523047957923992,"Coppell, TX","16000US4816612","coppell-tx",163034,24773,2686,0.6701414743112435,164046,-0.6169001377662363,12.168121681216812
0,"Management, Business, Science, & Arts Occupations",1,"Computer, Engineering, & Science Occupations",2,"Computer & Mathematical Occupations",2016,"2016","04000US48","Texas",1855,302.34417474130373,2.99102663825524,"Coppell, TX","16000US4816612","coppell-tx",176926,32466,1844,0.596529284164859,160621,10.151225555811507,8.347583475834758
0,"Management, Business, Science, & Arts Occupations",1,"Computer, Engineering, & Science Occupations",3,"Architecture & Engineering Occupations",2016,"2016","04000US48","Texas",639,135.83077707206127,1.5717858053698814,"Coppell, TX","16000US4816612","coppell-tx",202076,31434,670,-4.626865671641791,205207,-1.5257764111360723,2.8755287552875526
0,"Management, Business, Science, & Arts Occupations",1,"Computer, Engineering, & Science Occupations",4,"Life, Physical, & Social Science Occupations",2016,"2016","04000US48","Texas",188,92.80086206496145,0.9663135944870588,"Coppell, TX","16000US4816612","coppell-tx",144151,356831,212,-11.320754716981133,141135,2.136961065646367,0.8460084600846008
0,"Management, Business, Science, & Arts Occupations",2,"Education, Legal, Community Service, Arts, & Media Occupations",5,"Community & Social Service Occupations",2016,"2016","04000US48","Texas",327,120.7393887677091,0.8712591739884596,"Coppell, TX","16000US4816612","coppell-tx",63976,39242,383,-14.621409921671018,78392,-18.38963159506072,1.4715147151471515
0,"Management, Business, Science, & Arts Occupations",2,"Education, Legal, Community Service, Arts, & Media Occupations",6,"Legal Occupations",2016,"2016","04000US48","Texas",436,121.40016474453402,1.7157950973058071,"Coppell, TX","16000US4816612","coppell-tx",254833,87632,451,-3.325942350332594,265886,-4.157044748501237,1.962019620196202
0,"Management, Business, Science, & Arts Occupations",2,"Education, Legal, Community Service, Arts, & Media Occupations",7,"Education Instruction, & Library Occupations",2016,"2016","04000US48","Texas",1498,210.79136604709407,1.1135989837342926,"Coppell, TX","16000US4816612","coppell-tx",94907,22825,1374,9.024745269286754,98445,-3.5938849103560364,6.741067410674106
0,"Management, Business, Science, & Arts Occupations",2,"Education, Legal, Community Service, Arts, & Media Occupations",8,"Arts, Design, Entertainment, Sports, & Media Occupations",2016,"2016","04000US48","Texas",683,190.06577808748213,1.5724797387416725,"Coppell, TX","16000US4816612","coppell-tx",86930,20266,660,3.4848484848484853,86806,0.14284726862198466,3.073530735307353
0,"Management, Business, Science, & Arts Occupations",3,"Healthcare Practitioners & Technical Occupations",9,"Health Diagnosing & Treating Practitioners & Other Technical Occupations",2016,"2016","04000US48","Texas",1107,202.27209397245088,1.2610874342453648,"Coppell, TX","16000US4816612","coppell-tx",206875,58681,1117,-0.8952551477170994,193347,6.996746781693018,4.981549815498155
0,"Management, Business, Science, & Arts Occupations",3,"Healthcare Practitioners & Technical Occupations",10,"Health Technologists & Technicians",2016,"2016","04000US48","Texas",248,118.90332207301863,0.6035990273754248,"Coppell, TX","16000US4816612","coppell-tx",169094,64801,243,2.05761316872428,72031,134.7517041273896,1.1160111601116012
1,"Service Occupations",4,"Service Occupations",11,"Healthcare Support Occupations",2016,"2016","04000US48","Texas",206,82.29823813423955,0.37954004143449865,"Coppell, TX","16000US4816612","coppell-tx",63832,612654,207,-0.4830917874396135,31328,103.7538304392237,0.927009270092701
1,"Service Occupations",4,"Service Occupations",14,"Food Preparation & Serving Related Occupations",2016,"2016","04000US48","Texas",498,177.78920102188434,0.38603459974860194,"Coppell, TX","16000US4816612","coppell-tx",32740,28839,577,-13.69150779896014,35313,-7.286268513012205,2.2410224102241023
1,"Service Occupations",4,"Service Occupations",15,"Building & Grounds Cleaning & Maintenance Occupations",2016,"2016","04000US48","Texas",248,100.65783625729294,0.2827758090048254,"Coppell, TX","16000US4816612","coppell-tx",38110,21684,211,17.535545023696685,25451,49.738713606538056,1.1160111601116012
1,"Service Occupations",4,"Service Occupations",16,"Personal Care & Service Occupations",2016,"2016","04000US48","Texas",537,125.60254774486066,0.6507325305818179,"Coppell, TX","16000US4816612","coppell-tx",31431,29384,486,10.493827160493826,22333,40.737921461514354,2.4165241652416523
1,"Service Occupations",5,"Protective Service Occupations",12,"Fire Fighting & Prevention, & Other Protective Service Workers Including Supervisors",2016,"2016","04000US48","Texas",284,118.12705024675762,1.0641178488503613,"Coppell, TX","16000US4816612","coppell-tx",52539,58225,192,47.91666666666667,34375,52.84072727272727,1.2780127801278014
1,"Service Occupations",5,"Protective Service Occupations",13,"Law Enforcement Workers Including Supervisors",2016,"2016","04000US48","Texas",86,69.46221994724903,0.3967037967403205,"Coppell, TX","16000US4816612","coppell-tx",74714,19964,54,59.25925925925925,81923,-8.799726572513213,0.38700387003870035
2,"Sales & Office Occupations",6,"Sales & Office Occupations",17,"Sales & Related Occupations",2016,"2016","04000US48","Texas",2769,334.7909795678492,1.166184472562785,"Coppell, TX","16000US4816612","coppell-tx",104555,13572,2703,2.4417314095449503,110845,-5.674590644593803,12.460624606246062
2,"Sales & Office Occupations",6,"Sales & Office Occupations",18,"Office & Administrative Support Occupations",2016,"2016","04000US48","Texas",2154,283.45193596093145,0.7368634126117769,"Coppell, TX","16000US4816612","coppell-tx",95155,16639,2006,7.377866400797608,101639,-6.379440962622615,9.69309693096931
3,"Natural Resources, Construction, & Maintenance Occupations",7,"Natural Resources, Construction, & Maintenance Occupations",20,"Construction & Extraction Occupations",2016,"2016","04000US48","Texas",288,149.4590244849738,0.2590524234820235,"Coppell, TX","16000US4816612","coppell-tx",47594,12091,282,2.127659574468085,49076,-3.01980601516016,1.2960129601296013
3,"Natural Resources, Construction, & Maintenance Occupations",7,"Natural Resources, Construction, & Maintenance Occupations",21,"Installation, Maintenance, & Repair Occupations",2016,"2016","04000US48","Texas",310,118.53269591129698,0.4383445353492584,"Coppell, TX","16000US4816612","coppell-tx",46944,21143,423,-26.713947990543733,47061,-0.24861350162554982,1.3950139501395014
4,"Production, Transportation, & Material Moving Occupations",8,"Production, Transportation, & Material Moving Occupations",22,"Production Occupations",2016,"2016","04000US48","Texas",466,144.2671133696103,0.3538649030546971,"Coppell, TX","16000US4816612","coppell-tx",93489,58976,380,22.63157894736842,87275,7.120022916069894,2.097020970209702
4,"Production, Transportation, & Material Moving Occupations",8,"Production, Transportation, & Material Moving Occupations",23,"Transportation Occupations",2016,"2016","04000US48","Texas",423,134.46932735757994,0.5223989741920922,"Coppell, TX","16000US4816612","coppell-tx",128221,112424,385,9.87012987012987,131690,-2.634216721087402,1.9035190351903521
0,"Management, Business, Science, & Arts Occupations",0,"Management, Business, & Financial Occupations",0,"Management Occupations",2015,"2015","04000US48","Texas",3713,334.6117152760794,1.743566408582037,"Coppell, TX","16000US4816612","coppell-tx",186912,20767,3843,-3.382773874577153,185933,0.5265337514050761,17.22809948032665
0,"Management, Business, Science, & Arts Occupations",0,"Management, Business, & Financial Occupations",1,"Business & Financial Operations Occupations",2015,"2015","04000US48","Texas",2686,319.03761533712606,2.5965761021716225,"Coppell, TX","16000US4816612","coppell-tx",164046,19818,2561,4.880905896134323,171514,-4.354163508518255,12.462880475129918
0,"Management, Business, Science, & Arts Occupations",1,"Computer, Engineering, & Science Occupations",2,"Computer & Mathematical Occupations",2015,"2015","04000US48","Texas",1844,340.72422866594036,3.156434083743019,"Coppell, TX","16000US4816612","coppell-tx",160621,35014,1911,-3.506017791732077,173538,-7.443326533669858,8.556050482553823
0,"Management, Business, Science, & Arts Occupations",1,"Computer, Engineering, & Science Occupations",3,"Architecture & Engineering Occupations",2015,"2015","04000US48","Texas",670,150.7912464302885,1.702818855541513,"Coppell, TX","16000US4816612","coppell-tx",205207,52600,658,1.82370820668693,201354,1.9135452983303036,3.1087602078693393
0,"Management, Business, Science, & Arts Occupations",1,"Computer, Engineering, & Science Occupations",4,"Life, Physical, & Social Science Occupations",2015,"2015","04000US48","Texas",212,87.091905479212,1.1203575656974183,"Coppell, TX","16000US4816612","coppell-tx",141135,212597,159,33.33333333333333,90138,56.57658257338747,0.9836674090571641
0,"Management, Business, Science, & Arts Occupations",2,"Education, Legal, Community Service, Arts, & Media Occupations",5,"Community & Social Service Occupations",2015,"2015","04000US48","Texas",383,128.5496013218244,1.0591086166846801,"Coppell, TX","16000US4816612","coppell-tx",78392,14772,263,45.627376425855516,73103,7.23499719573752,1.7770972531551597
0,"Management, Business, Science, & Arts Occupations",2,"Education, Legal, Community Service, Arts, & Media Occupations",6,"Legal Occupations",2015,"2015","04000US48","Texas",451,121.6552506059644,1.8151752264958982,"Coppell, TX","16000US4816612","coppell-tx",265886,138927,385,17.142857142857142,286841,-7.305440993442359,2.0926132145508536
0,"Management, Business, Science, & Arts Occupations",2,"Education, Legal, Community Service, Arts, & Media Occupations",7,"Education Instruction, & Library Occupations",2015,"2015","04000US48","Texas",1374,209.30360723121805,1.048922640610754,"Coppell, TX","16000US4816612","coppell-tx",98445,16101,1307,5.1262433052792655,95802,2.7588150560531095,6.375278396436526
0,"Management, Business, Science, & Arts Occupations",2,"Education, Legal, Community Service, Arts, & Media Occupations",8,"Arts, Design, Entertainment, Sports, & Media Occupations",2015,"2015","04000US48","Texas",660,189.70766985021982,1.5883219464605454,"Coppell, TX","16000US4816612","coppell-tx",86806,55980,651,1.3824884792626728,96020,-9.59591751718392,3.0623608017817374
0,"Management, Business, Science, & Arts Occupations",3,"Healthcare Practitioners & Technical Occupations",9,"Health Diagnosing & Treating Practitioners & Other Technical Occupations",2015,"2015","04000US48","Texas",1117,208.08652046684813,1.3242680996684997,"Coppell, TX","16000US4816612","coppell-tx",193347,53156,1005,11.144278606965175,168899,14.474922882906352,5.182813659985152
0,"Management, Business, Science, & Arts Occupations",3,"Healthcare Practitioners & Technical Occupations",10,"Health Technologists & Technicians",2015,"2015","04000US48","Texas",243,93.60021367496978,0.6208277618840317,"Coppell, TX","16000US4816612","coppell-tx",72031,111291,283,-14.13427561837456,74902,-3.833008464393474,1.1275055679287305
1,"Service Occupations",4,"Service Occupations",11,"Healthcare Support Occupations",2015,"2015","04000US48","Texas",207,89.8443097808648,0.3866630877041373,"Coppell, TX","16000US4816612","coppell-tx",31328,27834,188,10.106382978723403,31250,0.2496,0.960467706013363
1,"Service Occupations",4,"Service Occupations",14,"Food Preparation & Serving Related Occupations",2015,"2015","04000US48","Texas",577,203.90684147423798,0.4622182574365403,"Coppell, TX","16000US4816612","coppell-tx",35313,8645,533,8.25515947467167,34949,1.0415176399896993,2.6772457312546396
1,"Service Occupations",4,"Service Occupations",15,"Building & Grounds Cleaning & Maintenance Occupations",2015,"2015","04000US48","Texas",211,90.13878188659972,0.246116232951845,"Coppell, TX","16000US4816612","coppell-tx",25451,20089,222,-4.954954954954955,30092,-15.422703708626878,0.9790274684484038
1,"Service Occupations",4,"Service Occupations",16,"Personal Care & Service Occupations",2015,"2015","04000US48","Texas",486,138.5712812959453,0.6121206214489774,"Coppell, TX","16000US4816612","coppell-tx",22333,24128,492,-1.2195121951219512,27104,-17.602567886658797,2.255011135857461
1,"Service Occupations",5,"Protective Service Occupations",12,"Fire Fighting & Prevention, & Other Protective Service Workers Including Supervisors",2015,"2015","04000US48","Texas",192,83.54639429682169,0.7285320765821045,"Coppell, TX","16000US4816612","coppell-tx",34375,13898,200,-4,33472,2.69777724665392,0.8908685968819599
1,"Service Occupations",5,"Protective Service Occupations",13,"Law Enforcement Workers Including Supervisors",2015,"2015","04000US48","Texas",54,45,0.2544134257774244,"Coppell, TX","16000US4816612","coppell-tx",81923,77051,41,31.70731707317073,115313,-28.955972006625448,0.2505567928730512
2,"Sales & Office Occupations",6,"Sales & Office Occupations",17,"Sales & Related Occupations",2015,"2015","04000US48","Texas",2703,273.27092783536267,1.1641563284676677,"Coppell, TX","16000US4816612","coppell-tx",110845,17557,2632,2.697568389057751,107323,3.281682397994838,12.54175946547884
2,"Sales & Office Occupations",6,"Sales & Office Occupations",18,"Office & Administrative Support Occupations",2015,"2015","04000US48","Texas",2006,306.0228749619871,0.6993794335064943,"Coppell, TX","16000US4816612","coppell-tx",101639,25849,2006,0,87992,15.509364487680699,9.307720861172978
3,"Natural Resources, Construction, & Maintenance Occupations",7,"Natural Resources, Construction, & Maintenance Occupations",20,"Construction & Extraction Occupations",2015,"2015","04000US48","Texas",282,166.20770138594662,0.2618310483410405,"Coppell, TX","16000US4816612","coppell-tx",49076,18487,322,-12.422360248447205,49348,-0.5511874848018157,1.3084632516703787
3,"Natural Resources, Construction, & Maintenance Occupations",7,"Natural Resources, Construction, & Maintenance Occupations",21,"Installation, Maintenance, & Repair Occupations",2015,"2015","04000US48","Texas",423,145.7737973711325,0.6094323833337528,"Coppell, TX","16000US4816612","coppell-tx",47061,18816,458,-7.641921397379912,80560,-41.58267130089374,1.9626948775055677
4,"Production, Transportation, & Material Moving Occupations",8,"Production, Transportation, & Material Moving Occupations",22,"Production Occupations",2015,"2015","04000US48","Texas",380,114.05700329221348,0.2955691795981281,"Coppell, TX","16000US4816612","coppell-tx",87275,66833,339,12.094395280235988,85555,2.01040266495237,1.763177431328879
4,"Production, Transportation, & Material Moving Occupations",8,"Production, Transportation, & Material Moving Occupations",23,"Transportation Occupations",2015,"2015","04000US48","Texas",385,113.64858116140299,0.49608615486943686,"Coppell, TX","16000US4816612","coppell-tx",131690,104278,464,-17.025862068965516,102083,29.002870213453757,1.7863771343726802
0,"Management, Business, Science, & Arts Occupations",0,"Management, Business, & Financial Occupations",0,"Management Occupations",2014,"2014","04000US48","Texas",3843,379.52602018833966,1.859217226356112,"Coppell, TX","16000US4816612","coppell-tx",185933,17237,3830,0.3394255874673629,183124,1.5339332911032961,18.142762723066756
0,"Management, Business, Science, & Arts Occupations",0,"Management, Business, & Financial Occupations",1,"Business & Financial Operations Occupations",2014,"2014","04000US48","Texas",2561,292.4876065750479,2.5305548879021416,"Coppell, TX","16000US4816612","coppell-tx",171514,29708,2591,-1.1578541103820919,160069,7.150041544583899,12.090454159191767
0,"Management, Business, Science, & Arts Occupations",1,"Computer, Engineering, & Science Occupations",2,"Computer & Mathematical Occupations",2014,"2014","04000US48","Texas",1911,286.5658737533135,3.4239344670121414,"Coppell, TX","16000US4816612","coppell-tx",173538,37091,1893,0.9508716323296356,185985,-6.692475199612873,9.021810971579642
0,"Management, Business, Science, & Arts Occupations",1,"Computer, Engineering, & Science Occupations",3,"Architecture & Engineering Occupations",2014,"2014","04000US48","Texas",658,158.80806024884254,1.700567037079831,"Coppell, TX","16000US4816612","coppell-tx",201354,58205,601,9.484193011647255,197245,2.0831960252477884,3.1064111037673494
0,"Management, Business, Science, & Arts Occupations",1,"Computer, Engineering, & Science Occupations",4,"Life, Physical, & Social Science Occupations",2014,"2014","04000US48","Texas",159,72.34638899074369,0.8538757540363456,"Coppell, TX","16000US4816612","coppell-tx",90138,89364,225,-29.333333333333332,137170,-34.28738062258511,0.7506373335851194
0,"Management, Business, Science, & Arts Occupations",2,"Education, Legal, Community Service, Arts, & Media Occupations",5,"Community & Social Service Occupations",2014,"2014","04000US48","Texas",263,94.57801012920497,0.7422721243751634,"Coppell, TX","16000US4816612","coppell-tx",73103,15948,203,29.55665024630542,74250,-1.5447811447811448,1.2416202436030592
0,"Management, Business, Science, & Arts Occupations",2,"Education, Legal, Community Service, Arts, & Media Occupations",6,"Legal Occupations",2014,"2014","04000US48","Texas",385,111.66467659918241,1.5618980443222428,"Coppell, TX","16000US4816612","coppell-tx",286841,111029,400,-3.75,251869,13.884995771611433,1.8175809649702577
0,"Management, Business, Science, & Arts Occupations",2,"Education, Legal, Community Service, Arts, & Media Occupations",7,"Education Instruction, & Library Occupations",2014,"2014","04000US48","Texas",1307,208.25465180878913,1.007179181108788,"Coppell, TX","16000US4816612","coppell-tx",95802,16627,1226,6.606851549755302,97008,-1.2431964374072242,6.17033330186007
0,"Management, Business, Science, & Arts Occupations",2,"Education, Legal, Community Service, Arts, & Media Occupations",8,"Arts, Design, Entertainment, Sports, & Media Occupations",2014,"2014","04000US48","Texas",651,195.57607215607945,1.6077044687506887,"Coppell, TX","16000US4816612","coppell-tx",96020,47125,656,-0.7621951219512195,82208,16.801284546516154,3.073364177131527
0,"Management, Business, Science, & Arts Occupations",3,"Healthcare Practitioners & Technical Occupations",9,"Health Diagnosing & Treating Practitioners & Other Technical Occupations",2014,"2014","04000US48","Texas",1005,216.11339616044165,1.2223003743271637,"Coppell, TX","16000US4816612","coppell-tx",168899,63141,899,11.7908787541713,192650,-12.328575136257463,4.744594467000283
0,"Management, Business, Science, & Arts Occupations",3,"Healthcare Practitioners & Technical Occupations",10,"Health Technologists & Technicians",2014,"2014","04000US48","Texas",283,104.63746938836012,0.748927868256862,"Coppell, TX","16000US4816612","coppell-tx",74902,60322,233,21.45922746781116,62388,20.058344553439763,1.3360400339911245
1,"Service Occupations",4,"Service Occupations",11,"Healthcare Support Occupations",2014,"2014","04000US48","Texas",188,111.15754585272202,0.3536016728868654,"Coppell, TX","16000US4816612","coppell-tx",31250,33234,229,-17.903930131004365,29487,5.978905958558008,0.8875460296478143
1,"Service Occupations",4,"Service Occupations",14,"Food Preparation & Serving Related Occupations",2014,"2014","04000US48","Texas",533,200.89051744669285,0.436737488444764,"Coppell, TX","16000US4816612","coppell-tx",34949,8025,463,15.118790496760258,29063,20.252554794756218,2.5162874138419413
1,"Service Occupations",4,"Service Occupations",15,"Building & Grounds Cleaning & Maintenance Occupations",2014,"2014","04000US48","Texas",222,95.01578816175763,0.2615460344342711,"Coppell, TX","16000US4816612","coppell-tx",30092,13586,231,-3.896103896103896,24989,20.42098523350274,1.0480596733075254
1,"Service Occupations",4,"Service Occupations",16,"Personal Care & Service Occupations",2014,"2014","04000US48","Texas",492,146.15402833996743,0.6356351727633698,"Coppell, TX","16000US4816612","coppell-tx",27104,34381,424,16.037735849056602,26849,0.9497560430556072,2.3227268435464072
1,"Service Occupations",5,"Protective Service Occupations",12,"Fire Fighting & Prevention, & Other Protective Service Workers Including Supervisors",2014,"2014","04000US48","Texas",200,93.94147114027969,0.7654726372261305,"Coppell, TX","16000US4816612","coppell-tx",33472,13371,145,37.93103448275862,41311,-18.975575512575343,0.9441979038806534
1,"Service Occupations",5,"Protective Service Occupations",13,"Law Enforcement Workers Including Supervisors",2014,"2014","04000US48","Texas",41,41.86884283091665,0.19406025824429715,"Coppell, TX","16000US4816612","coppell-tx",115313,91436,68,-39.705882352941174,58611,96.7429322140895,0.19356057029553395
2,"Sales & Office Occupations",6,"Sales & Office Occupations",17,"Sales & Related Occupations",2014,"2014","04000US48","Texas",2632,295.4200399431291,1.1439598119077634,"Coppell, TX","16000US4816612","coppell-tx",107323,16854,2683,-1.9008572493477451,102567,4.636969005625591,12.425644415069398
2,"Sales & Office Occupations",6,"Sales & Office Occupations",18,"Office & Administrative Support Occupations",2014,"2014","04000US48","Texas",2006,313.676585036244,0.7018121230849935,"Coppell, TX","16000US4816612","coppell-tx",87992,22672,2037,-1.5218458517427589,82435,6.741068720810335,9.470304975922954
3,"Natural Resources, Construction, & Maintenance Occupations",7,"Natural Resources, Construction, & Maintenance Occupations",20,"Construction & Extraction Occupations",2014,"2014","04000US48","Texas",322,141.59802258506295,0.30413335994106216,"Coppell, TX","16000US4816612","coppell-tx",49348,18223,387,-16.795865633074936,47279,4.376150087776814,1.520158625247852
3,"Natural Resources, Construction, & Maintenance Occupations",7,"Natural Resources, Construction, & Maintenance Occupations",21,"Installation, Maintenance, & Repair Occupations",2014,"2014","04000US48","Texas",458,134.34656675925885,0.6661254559516373,"Coppell, TX","16000US4816612","coppell-tx",80560,57938,453,1.1037527593818985,87703,-8.144533254278645,2.1622131998866965
4,"Production, Transportation, & Material Moving Occupations",8,"Production, Transportation, & Material Moving Occupations",22,"Production Occupations",2014,"2014","04000US48","Texas",339,112.37882362794157,0.2687513910475156,"Coppell, TX","16000US4816612","coppell-tx",85555,61386,302,12.251655629139073,76277,12.163561755181771,1.6004154470777072
4,"Production, Transportation, & Material Moving Occupations",8,"Production, Transportation, & Material Moving Occupations",23,"Transportation Occupations",2014,"2014","04000US48","Texas",464,142.3376267892647,0.6143945085333844,"Coppell, TX","16000US4816612","coppell-tx",102083,52564,484,-4.132231404958678,93543,9.129491250013363,2.1905391370031158
0,"Management, Business, Science, & Arts Occupations",0,"Management, Business, & Financial Occupations",0,"Management Occupations",2013,"2013","04000US48","Texas",3830,347.8994107497166,1.8875642652581726,"Coppell, TX","16000US4816612","coppell-tx",183124,14031,,NaN,,NaN,18.31834704419361
0,"Management, Business, Science, & Arts Occupations",0,"Management, Business, & Financial Occupations",1,"Business & Financial Operations Occupations",2013,"2013","04000US48","Texas",2591,297.5130249249602,2.6083369252370985,"Coppell, TX","16000US4816612","coppell-tx",160069,25293,,NaN,,NaN,12.392385689688158
0,"Management, Business, Science, & Arts Occupations",1,"Computer, Engineering, & Science Occupations",2,"Computer & Mathematical Occupations",2013,"2013","04000US48","Texas",1893,351.2292698509052,3.5198261848790384,"Coppell, TX","16000US4816612","coppell-tx",185985,31419,,NaN,,NaN,9.053950640903004
0,"Management, Business, Science, & Arts Occupations",1,"Computer, Engineering, & Science Occupations",3,"Architecture & Engineering Occupations",2013,"2013","04000US48","Texas",601,137.08756325794107,1.564675956250447,"Coppell, TX","16000US4816612","coppell-tx",197245,77130,,NaN,,NaN,2.8744977998852113
0,"Management, Business, Science, & Arts Occupations",1,"Computer, Engineering, & Science Occupations",4,"Life, Physical, & Social Science Occupations",2013,"2013","04000US48","Texas",225,99.85990186255943,1.2268634409211994,"Coppell, TX","16000US4816612","coppell-tx",137170,94659,,NaN,,NaN,1.0761431031184236
0,"Management, Business, Science, & Arts Occupations",2,"Education, Legal, Community Service, Arts, & Media Occupations",5,"Community & Social Service Occupations",2013,"2013","04000US48","Texas",203,89.06739021662192,0.5836200945919714,"Coppell, TX","16000US4816612","coppell-tx",74250,88344,,NaN,,NaN,0.9709202219246222
0,"Management, Business, Science, & Arts Occupations",2,"Education, Legal, Community Service, Arts, & Media Occupations",6,"Legal Occupations",2013,"2013","04000US48","Texas",400,129.80754985747168,1.629979099021705,"Coppell, TX","16000US4816612","coppell-tx",251869,142984,,NaN,,NaN,1.9131432944327529
0,"Management, Business, Science, & Arts Occupations",2,"Education, Legal, Community Service, Arts, & Media Occupations",7,"Education Instruction, & Library Occupations",2013,"2013","04000US48","Texas",1226,187.17104476921637,0.954511871436864,"Coppell, TX","16000US4816612","coppell-tx",97008,9452,,NaN,,NaN,5.863784197436388
0,"Management, Business, Science, & Arts Occupations",2,"Education, Legal, Community Service, Arts, & Media Occupations",8,"Arts, Design, Entertainment, Sports, & Media Occupations",2013,"2013","04000US48","Texas",656,169.2010638264429,1.6593076808482938,"Coppell, TX","16000US4816612","coppell-tx",82208,43764,,NaN,,NaN,3.137555002869715
0,"Management, Business, Science, & Arts Occupations",3,"Healthcare Practitioners & Technical Occupations",9,"Health Diagnosing & Treating Practitioners & Other Technical Occupations",2013,"2013","04000US48","Texas",899,173.92527130926086,1.1217411047001373,"Coppell, TX","16000US4816612","coppell-tx",192650,77386,,NaN,,NaN,4.299789554237613
0,"Management, Business, Science, & Arts Occupations",3,"Healthcare Practitioners & Technical Occupations",10,"Health Technologists & Technicians",2013,"2013","04000US48","Texas",233,91.21951545584969,0.6392421080883154,"Coppell, TX","16000US4816612","coppell-tx",62388,22850,,NaN,,NaN,1.1144059690070787
1,"Service Occupations",4,"Service Occupations",11,"Healthcare Support Occupations",2013,"2013","04000US48","Texas",229,101.96568050084302,0.4342177683822934,"Coppell, TX","16000US4816612","coppell-tx",29487,19592,,NaN,,NaN,1.095274536062751
1,"Service Occupations",4,"Service Occupations",14,"Food Preparation & Serving Related Occupations",2013,"2013","04000US48","Texas",463,131.24404748406687,0.3890651711764858,"Coppell, TX","16000US4816612","coppell-tx",29063,19424,,NaN,,NaN,2.2144633633059114
1,"Service Occupations",4,"Service Occupations",15,"Building & Grounds Cleaning & Maintenance Occupations",2013,"2013","04000US48","Texas",231,104.95713410721541,0.27622237259391486,"Coppell, TX","16000US4816612","coppell-tx",24989,55770,,NaN,,NaN,1.1048402525349148
1,"Service Occupations",4,"Service Occupations",16,"Personal Care & Service Occupations",2013,"2013","04000US48","Texas",424,117.17508267545621,0.5600613912400624,"Coppell, TX","16000US4816612","coppell-tx",26849,16559,,NaN,,NaN,2.027931892098718
1,"Service Occupations",5,"Protective Service Occupations",12,"Fire Fighting & Prevention, & Other Protective Service Workers Including Supervisors",2013,"2013","04000US48","Texas",145,58.309518948453,0.5615549675749055,"Coppell, TX","16000US4816612","coppell-tx",41311,24800,,NaN,,NaN,0.6935144442318729
1,"Service Occupations",5,"Protective Service Occupations",13,"Law Enforcement Workers Including Supervisors",2013,"2013","04000US48","Texas",68,62.169124169478216,0.32289477511773407,"Coppell, TX","16000US4816612","coppell-tx",58611,43457,,NaN,,NaN,0.32523436005356804
2,"Sales & Office Occupations",6,"Sales & Office Occupations",17,"Sales & Related Occupations",2013,"2013","04000US48","Texas",2683,317.6051007147083,1.172765536565412,"Coppell, TX","16000US4816612","coppell-tx",102567,23953,,NaN,,NaN,12.832408647407693
2,"Sales & Office Occupations",6,"Sales & Office Occupations",18,"Office & Administrative Support Occupations",2013,"2013","04000US48","Texas",2037,280.8558349046713,0.7111735401216037,"Coppell, TX","16000US4816612","coppell-tx",82435,17975,,NaN,,NaN,9.742682226898795
3,"Natural Resources, Construction, & Maintenance Occupations",7,"Natural Resources, Construction, & Maintenance Occupations",20,"Construction & Extraction Occupations",2013,"2013","04000US48","Texas",387,130.8166656049603,0.3663611971189108,"Coppell, TX","16000US4816612","coppell-tx",47279,32788,,NaN,,NaN,1.8509661373636885
3,"Natural Resources, Construction, & Maintenance Occupations",7,"Natural Resources, Construction, & Maintenance Occupations",21,"Installation, Maintenance, & Repair Occupations",2013,"2013","04000US48","Texas",453,136.56500283747664,0.6588821553932008,"Coppell, TX","16000US4816612","coppell-tx",87703,97941,,NaN,,NaN,2.1666347809450928
4,"Production, Transportation, & Material Moving Occupations",8,"Production, Transportation, & Material Moving Occupations",22,"Production Occupations",2013,"2013","04000US48","Texas",302,119.57006314291218,0.2427648435260128,"Coppell, TX","16000US4816612","coppell-tx",76277,71324,,NaN,,NaN,1.4444231872967286
4,"Production, Transportation, & Material Moving Occupations",8,"Production, Transportation, & Material Moving Occupations",23,"Transportation Occupations",2013,"2013","04000US48","Texas",484,138.23530663329103,0.6518445549387561,"Coppell, TX","16000US4816612","coppell-tx",93543,55010,,NaN,,NaN,2.3149033862636315